FA/binder,CA/Binder,Binder (kg),% of SiO2,% of CaO,% of Al2O3,liquid/binder ratio,NaOH Molarity,Na2SiO3/  NaOH,Additional Water (%),SP (% of b),Curing temp (0 C),Age,Comp. Strength (Mpa),,
2.11,2.33,360.00,92.21,0.51,0.38,0.50,10.00,1.00,0.00,1.00,23.00,3.00,19.14,,
2.11,2.33,360.00,92.21,0.51,0.38,0.50,10.00,1.00,0.00,1.00,23.00,7.00,22.88,,
2.11,2.33,360.00,92.21,0.51,0.38,0.50,10.00,1.00,0.00,1.00,23.00,14.00,24.53,,
2.11,2.33,360.00,92.21,0.51,0.38,0.50,10.00,1.00,0.00,1.00,23.00,28.00,25.41,,
2.12,2.34,360.00,61.00,2.64,22.83,0.50,10.00,1.00,0.00,1.00,23.00,3.00,8.03,,
2.12,2.34,360.00,61.00,2.64,22.83,0.50,10.00,1.00,0.00,1.00,23.00,7.00,11.66,,
2.12,2.34,360.00,61.00,2.64,22.83,0.50,10.00,1.00,0.00,1.00,23.00,14.00,15.07,,
2.12,2.34,360.00,61.00,2.64,22.83,0.50,10.00,1.00,0.00,1.00,23.00,28.00,17.05,,
2.26,2.49,360.00,27.56,43.39,16.19,0.50,10.00,1.00,0.00,1.00,23.00,3.00,12.87,,
2.26,2.49,360.00,27.56,43.39,16.19,0.50,10.00,1.00,0.00,1.00,23.00,7.00,16.61,,
2.26,2.49,360.00,27.56,43.39,16.19,0.50,10.00,1.00,0.00,1.00,23.00,14.00,23.32,,
2.26,2.49,360.00,27.56,43.39,16.19,0.50,10.00,1.00,0.00,1.00,23.00,28.00,28.27,,
2.11,2.34,360.00,64.12,2.43,20.59,0.50,10.00,1.00,0.00,1.00,23.00,3.00,10.12,,
2.11,2.34,360.00,64.12,2.43,20.59,0.50,10.00,1.00,0.00,1.00,23.00,7.00,14.08,,
2.11,2.34,360.00,64.12,2.43,20.59,0.50,10.00,1.00,0.00,1.00,23.00,14.00,16.28,,
2.11,2.34,360.00,64.12,2.43,20.59,0.50,10.00,1.00,0.00,1.00,23.00,28.00,18.37,,
2.11,2.34,360.00,67.24,2.21,18.34,0.50,10.00,1.00,0.00,1.00,23.00,3.00,17.38,,
2.11,2.34,360.00,67.24,2.21,18.34,0.50,10.00,1.00,0.00,1.00,23.00,7.00,22.33,,
2.11,2.34,360.00,67.24,2.21,18.34,0.50,10.00,1.00,0.00,1.00,23.00,14.00,24.64,,
2.11,2.34,360.00,67.24,2.21,18.34,0.50,10.00,1.00,0.00,1.00,23.00,28.00,27.83,,
2.24,2.48,360.00,34.03,39.10,14.61,0.50,10.00,1.00,0.00,1.00,23.00,3.00,20.79,,
2.24,2.48,360.00,34.03,39.10,14.61,0.50,10.00,1.00,0.00,1.00,23.00,7.00,27.61,,
2.24,2.48,360.00,34.03,39.10,14.61,0.50,10.00,1.00,0.00,1.00,23.00,14.00,33.55,,
2.24,2.48,360.00,34.03,39.10,14.61,0.50,10.00,1.00,0.00,1.00,23.00,28.00,39.27,,
2.23,2.46,360.00,40.49,34.81,13.03,0.50,10.00,1.00,0.00,1.00,23.00,3.00,21.23,,
2.23,2.46,360.00,40.49,34.81,13.03,0.50,10.00,1.00,0.00,1.00,23.00,7.00,30.36,,
2.23,2.46,360.00,40.49,34.81,13.03,0.50,10.00,1.00,0.00,1.00,23.00,14.00,34.21,,
2.23,2.46,360.00,40.49,34.81,13.03,0.50,10.00,1.00,0.00,1.00,23.00,28.00,37.73,,
2.24,2.48,360.00,30.90,39.32,16.85,0.50,10.00,1.00,0.00,1.00,23.00,3.00,18.04,,
2.24,2.48,360.00,30.90,39.32,16.85,0.50,10.00,1.00,0.00,1.00,23.00,7.00,26.18,,
2.24,2.48,360.00,30.90,39.32,16.85,0.50,10.00,1.00,0.00,1.00,23.00,14.00,27.61,,
2.24,2.48,360.00,30.90,39.32,16.85,0.50,10.00,1.00,0.00,1.00,23.00,28.00,29.37,,
2.21,2.44,360.00,37.59,31.17,18.18,0.50,10.00,1.00,0.00,1.00,23.00,3.00,20.79,,
2.21,2.44,360.00,37.59,31.17,18.18,0.50,10.00,1.00,0.00,1.00,23.00,7.00,24.53,,
2.21,2.44,360.00,37.59,31.17,18.18,0.50,10.00,1.00,0.00,1.00,23.00,14.00,30.36,,
2.21,2.44,360.00,37.59,31.17,18.18,0.50,10.00,1.00,0.00,1.00,23.00,28.00,33.55,,
2.19,2.41,360.00,44.28,23.02,19.51,0.50,10.00,1.00,0.00,1.00,23.00,3.00,16.06,,
2.19,2.41,360.00,44.28,23.02,19.51,0.50,10.00,1.00,0.00,1.00,23.00,7.00,19.58,,
2.19,2.41,360.00,44.28,23.02,19.51,0.50,10.00,1.00,0.00,1.00,23.00,14.00,22.99,,
2.19,2.41,360.00,44.28,23.02,19.51,0.50,10.00,1.00,0.00,1.00,23.00,28.00,26.51,,
2.16,2.38,360.00,50.97,14.87,20.84,0.50,10.00,1.00,0.00,1.00,23.00,3.00,13.86,,
2.16,2.38,360.00,50.97,14.87,20.84,0.50,10.00,1.00,0.00,1.00,23.00,7.00,16.83,,
2.16,2.38,360.00,50.97,14.87,20.84,0.50,10.00,1.00,0.00,1.00,23.00,14.00,20.02,,
2.16,2.38,360.00,50.97,14.87,20.84,0.50,10.00,1.00,0.00,1.00,23.00,28.00,24.09,,
2.13,2.35,360.00,57.66,6.72,22.17,0.50,10.00,1.00,0.00,1.00,23.00,3.00,8.91,,
2.13,2.35,360.00,57.66,6.72,22.17,0.50,10.00,1.00,0.00,1.00,23.00,7.00,13.31,,
2.13,2.35,360.00,57.66,6.72,22.17,0.50,10.00,1.00,0.00,1.00,23.00,14.00,15.73,,
2.13,2.35,360.00,57.66,6.72,22.17,0.50,10.00,1.00,0.00,1.00,23.00,28.00,17.05,,
2.23,2.46,360.00,37.37,35.03,15.27,0.50,10.00,1.00,0.00,1.00,23.00,3.00,16.61,,
2.23,2.46,360.00,37.37,35.03,15.27,0.50,10.00,1.00,0.00,1.00,23.00,7.00,28.27,,
2.23,2.46,360.00,37.37,35.03,15.27,0.50,10.00,1.00,0.00,1.00,23.00,14.00,37.51,,
2.23,2.46,360.00,37.37,35.03,15.27,0.50,10.00,1.00,0.00,1.00,23.00,28.00,40.26,,
2.21,2.44,360.00,40.71,30.95,15.94,0.50,10.00,1.00,0.00,1.00,23.00,3.00,15.73,,
2.21,2.44,360.00,40.71,30.95,15.94,0.50,10.00,1.00,0.00,1.00,23.00,7.00,27.61,,
2.21,2.44,360.00,40.71,30.95,15.94,0.50,10.00,1.00,0.00,1.00,23.00,14.00,33.88,,
2.21,2.44,360.00,40.71,30.95,15.94,0.50,10.00,1.00,0.00,1.00,23.00,28.00,37.73,,
2.20,2.43,360.00,44.06,26.88,16.60,0.50,10.00,1.00,0.00,1.00,23.00,3.00,14.85,,
2.20,2.43,360.00,44.06,26.88,16.60,0.50,10.00,1.00,0.00,1.00,23.00,7.00,28.16,,
2.20,2.43,360.00,44.06,26.88,16.60,0.50,10.00,1.00,0.00,1.00,23.00,14.00,32.23,,
2.20,2.43,360.00,44.06,26.88,16.60,0.50,10.00,1.00,0.00,1.00,23.00,28.00,35.31,,
2.18,2.41,360.00,47.40,22.80,17.27,0.50,10.00,1.00,0.00,1.00,23.00,3.00,20.68,,
2.18,2.41,360.00,47.40,22.80,17.27,0.50,10.00,1.00,0.00,1.00,23.00,7.00,35.31,,
2.18,2.41,360.00,47.40,22.80,17.27,0.50,10.00,1.00,0.00,1.00,23.00,14.00,44.44,,
2.18,2.41,360.00,47.40,22.80,17.27,0.50,10.00,1.00,0.00,1.00,23.00,28.00,43.02,,
2.16,2.38,360.00,50.75,18.73,17.93,0.50,10.00,1.00,0.00,1.00,23.00,3.00,18.26,,
2.16,2.38,360.00,50.75,18.73,17.93,0.50,10.00,1.00,0.00,1.00,23.00,7.00,32.56,,
2.16,2.38,360.00,50.75,18.73,17.93,0.50,10.00,1.00,0.00,1.00,23.00,14.00,39.27,,
2.16,2.38,360.00,50.75,18.73,17.93,0.50,10.00,1.00,0.00,1.00,23.00,28.00,42.46,,
2.16,2.38,360.00,54.09,14.65,18.59,0.50,10.00,1.00,0.00,1.00,23.00,3.00,14.96,,
2.16,2.38,360.00,54.09,14.65,18.59,0.50,10.00,1.00,0.00,1.00,23.00,7.00,31.02,,
2.16,2.38,360.00,54.09,14.65,18.59,0.50,10.00,1.00,0.00,1.00,23.00,14.00,38.83,,
2.16,2.38,360.00,54.09,14.65,18.59,0.50,10.00,1.00,0.00,1.00,23.00,28.00,41.25,,
2.14,2.37,360.00,57.43,10.58,19.26,0.50,10.00,1.00,0.00,1.00,23.00,3.00,14.41,,
2.14,2.37,360.00,57.43,10.58,19.26,0.50,10.00,1.00,0.00,1.00,23.00,7.00,28.16,,
2.14,2.37,360.00,57.43,10.58,19.26,0.50,10.00,1.00,0.00,1.00,23.00,14.00,33.11,,
2.14,2.37,360.00,57.43,10.58,19.26,0.50,10.00,1.00,0.00,1.00,23.00,28.00,37.84,,
2.13,2.35,360.00,60.78,6.50,19.92,0.50,10.00,1.00,0.00,1.00,23.00,3.00,15.62,,
2.13,2.35,360.00,60.78,6.50,19.92,0.50,10.00,1.00,0.00,1.00,23.00,7.00,25.08,,
2.13,2.35,360.00,60.78,6.50,19.92,0.50,10.00,1.00,0.00,1.00,23.00,14.00,29.04,,
2.13,2.35,360.00,60.78,6.50,19.92,0.50,10.00,1.00,0.00,1.00,23.00,28.00,32.23,,
2.21,2.44,360.00,43.83,30.74,13.69,0.50,10.00,1.00,0.00,1.00,23.00,3.00,18.04,,
2.21,2.44,360.00,43.83,30.74,13.69,0.50,10.00,1.00,0.00,1.00,23.00,7.00,28.93,,
2.21,2.44,360.00,43.83,30.74,13.69,0.50,10.00,1.00,0.00,1.00,23.00,14.00,36.19,,
2.21,2.44,360.00,43.83,30.74,13.69,0.50,10.00,1.00,0.00,1.00,23.00,28.00,40.04,,
2.20,2.43,360.00,47.18,26.66,14.36,0.50,10.00,1.00,0.00,1.00,23.00,3.00,18.59,,
2.20,2.43,360.00,47.18,26.66,14.36,0.50,10.00,1.00,0.00,1.00,23.00,7.00,29.37,,
2.20,2.43,360.00,47.18,26.66,14.36,0.50,10.00,1.00,0.00,1.00,23.00,14.00,35.31,,
2.20,2.43,360.00,47.18,26.66,14.36,0.50,10.00,1.00,0.00,1.00,23.00,28.00,37.95,,
2.18,2.41,360.00,50.52,22.59,15.02,0.50,10.00,1.00,0.00,1.00,23.00,3.00,24.75,,
2.18,2.41,360.00,50.52,22.59,15.02,0.50,10.00,1.00,0.00,1.00,23.00,7.00,35.42,,
2.18,2.41,360.00,50.52,22.59,15.02,0.50,10.00,1.00,0.00,1.00,23.00,14.00,41.58,,
2.18,2.41,360.00,50.52,22.59,15.02,0.50,10.00,1.00,0.00,1.00,23.00,28.00,44.33,,
2.17,2.40,360.00,53.87,18.51,15.68,0.50,10.00,1.00,0.00,1.00,23.00,3.00,22.22,,
2.17,2.40,360.00,53.87,18.51,15.68,0.50,10.00,1.00,0.00,1.00,23.00,7.00,33.33,,
2.17,2.40,360.00,53.87,18.51,15.68,0.50,10.00,1.00,0.00,1.00,23.00,14.00,38.61,,
2.17,2.40,360.00,53.87,18.51,15.68,0.50,10.00,1.00,0.00,1.00,23.00,28.00,41.36,,
2.16,2.38,360.00,57.21,14.44,16.35,0.50,10.00,1.00,0.00,1.00,23.00,3.00,19.14,,
2.16,2.38,360.00,57.21,14.44,16.35,0.50,10.00,1.00,0.00,1.00,23.00,7.00,31.46,,
2.16,2.38,360.00,57.21,14.44,16.35,0.50,10.00,1.00,0.00,1.00,23.00,14.00,36.30,,
2.16,2.38,360.00,57.21,14.44,16.35,0.50,10.00,1.00,0.00,1.00,23.00,28.00,40.15,,
2.14,2.37,360.00,60.55,10.36,17.01,0.50,10.00,1.00,0.00,1.00,23.00,3.00,18.48,,
2.14,2.37,360.00,60.55,10.36,17.01,0.50,10.00,1.00,0.00,1.00,23.00,7.00,31.57,,
2.14,2.37,360.00,60.55,10.36,17.01,0.50,10.00,1.00,0.00,1.00,23.00,14.00,34.32,,
2.14,2.37,360.00,60.55,10.36,17.01,0.50,10.00,1.00,0.00,1.00,23.00,28.00,38.06,,
2.13,2.35,360.00,63.90,6.29,17.68,0.50,10.00,1.00,0.00,1.00,23.00,3.00,19.25,,
2.13,2.35,360.00,63.90,6.29,17.68,0.50,10.00,1.00,0.00,1.00,23.00,7.00,29.81,,
2.13,2.35,360.00,63.90,6.29,17.68,0.50,10.00,1.00,0.00,1.00,23.00,14.00,32.34,,
2.13,2.35,360.00,63.90,6.29,17.68,0.50,10.00,1.00,0.00,1.00,23.00,28.00,33.88,,
1.36,3.17,408.00,50.89,14.23,21.42,0.42,6.00,1.50,0.00,0.50,20.00,28.00,27.53,,
1.36,3.17,408.00,50.18,15.64,20.93,0.42,8.00,2.00,0.00,1.00,20.00,28.00,28.18,,
1.36,3.17,408.00,49.46,17.05,20.44,0.42,10.00,2.50,0.00,1.50,20.00,28.00,33.20,,
1.36,3.17,408.00,48.75,18.46,19.95,0.42,12.00,3.00,0.00,2.00,20.00,28.00,30.60,,
1.36,3.17,408.00,50.18,15.64,20.93,0.42,10.00,2.00,0.00,0.50,20.00,28.00,35.53,,
1.36,3.17,408.00,50.18,15.64,20.93,0.42,12.00,1.50,0.00,1.00,20.00,28.00,33.02,,
1.36,3.17,408.00,50.18,15.64,20.93,0.42,6.00,3.00,0.00,1.50,20.00,28.00,35.15,,
1.36,3.17,408.00,50.18,15.64,20.93,0.42,8.00,2.50,0.00,2.00,20.00,28.00,29.20,,
1.36,3.17,408.00,49.46,17.05,20.44,0.42,12.00,2.50,0.00,0.50,20.00,28.00,36.27,,
1.36,3.17,408.00,49.46,17.05,20.44,0.42,10.00,3.00,0.00,1.00,20.00,28.00,26.97,,
1.36,3.17,408.00,49.46,17.05,20.44,0.42,8.00,1.50,0.00,1.50,20.00,28.00,39.67,,
1.36,3.17,408.00,49.46,17.05,20.44,0.42,6.00,2.00,0.00,2.00,20.00,28.00,34.60,,
1.36,3.17,408.00,48.75,18.46,19.95,0.42,8.00,3.00,0.00,0.50,20.00,28.00,35.53,,
1.36,3.17,408.00,48.75,18.46,19.95,0.42,6.00,2.50,0.00,1.00,20.00,28.00,33.95,,
1.36,3.17,408.00,48.75,18.46,19.95,0.42,12.00,2.00,0.00,1.50,20.00,28.00,35.53,,
1.36,3.17,408.00,48.75,18.46,19.95,0.42,10.00,1.50,0.00,2.00,20.00,28.00,38.69,,
1.00,3.00,490.00,53.14,6.69,28.83,0.46,12.00,2.00,4.00,0.80,31.40,3.00,9.33,,
1.00,3.00,490.00,53.22,6.66,28.80,0.46,12.00,2.00,4.00,0.80,31.40,3.00,10.01,,
1.00,3.00,490.00,53.31,6.63,28.76,0.46,12.00,2.00,4.00,0.80,31.40,3.00,10.13,,
1.00,3.00,490.00,53.39,6.60,28.73,0.46,12.00,2.00,4.00,0.80,31.40,3.00,11.12,,
1.00,3.00,490.00,53.48,6.57,28.69,0.46,12.00,2.00,4.00,0.80,31.40,3.00,12.11,,
1.00,3.00,490.00,53.57,6.54,28.66,0.46,12.00,2.00,4.00,0.80,31.40,3.00,11.99,,
1.00,3.00,490.00,53.14,6.69,28.83,0.46,12.00,2.00,4.00,0.80,31.40,7.00,33.12,,
1.00,3.00,490.00,53.22,6.66,28.80,0.46,12.00,2.00,4.00,0.80,31.40,7.00,32.07,,
1.00,3.00,490.00,53.31,6.63,28.76,0.46,12.00,2.00,4.00,0.80,31.40,7.00,33.12,,
1.00,3.00,490.00,53.39,6.60,28.73,0.46,12.00,2.00,4.00,0.80,31.40,7.00,32.13,,
1.00,3.00,490.00,53.48,6.57,28.69,0.46,12.00,2.00,4.00,0.80,31.40,7.00,33.12,,
1.00,3.00,490.00,53.57,6.54,28.66,0.46,12.00,2.00,4.00,0.80,31.40,7.00,31.02,,
1.00,3.00,490.00,53.14,6.69,28.83,0.46,12.00,2.00,4.00,0.80,31.40,14.00,55.12,,
1.00,3.00,490.00,53.22,6.66,28.80,0.46,12.00,2.00,4.00,0.80,31.40,14.00,55.98,,
1.00,3.00,490.00,53.31,6.63,28.76,0.46,12.00,2.00,4.00,0.80,31.40,14.00,54.01,,
1.00,3.00,490.00,53.39,6.60,28.73,0.46,12.00,2.00,4.00,0.80,31.40,14.00,57.10,,
1.00,3.00,490.00,53.48,6.57,28.69,0.46,12.00,2.00,4.00,0.80,31.40,14.00,55.98,,
1.00,3.00,490.00,53.57,6.54,28.66,0.46,12.00,2.00,4.00,0.80,31.40,14.00,57.03,,
1.00,3.00,490.00,53.14,6.69,28.83,0.46,12.00,2.00,4.00,0.80,31.40,28.00,56.48,,
1.00,3.00,490.00,53.22,6.66,28.80,0.46,12.00,2.00,4.00,0.80,31.40,28.00,56.23,,
1.00,3.00,490.00,53.31,6.63,28.76,0.46,12.00,2.00,4.00,0.80,31.40,28.00,58.58,,
1.00,3.00,490.00,53.39,6.60,28.73,0.46,12.00,2.00,4.00,0.80,31.40,28.00,59.57,,
1.00,3.00,490.00,53.48,6.57,28.69,0.46,12.00,2.00,4.00,0.80,31.40,28.00,59.01,,
1.00,3.00,490.00,53.57,6.54,28.66,0.46,12.00,2.00,4.00,0.80,31.40,28.00,59.69,,
1.63,3.02,400.00,50.00,1.79,28.25,0.40,14.00,2.50,0.00,0.00,21.50,3.00,5.15,,
1.63,3.02,400.00,48.25,5.92,26.86,0.40,14.00,2.50,0.00,0.00,21.50,3.00,14.27,,
1.63,3.02,400.00,46.49,10.05,25.46,0.40,14.00,2.50,0.00,0.00,21.50,3.00,21.56,,
1.63,3.02,400.00,44.74,14.18,24.07,0.40,14.00,2.50,0.00,0.00,21.50,3.00,30.69,,
1.63,3.02,400.00,48.25,5.92,26.86,0.35,14.00,2.50,0.00,0.00,21.50,3.00,22.00,,
1.63,3.02,400.00,48.25,5.92,26.86,0.45,14.00,2.50,0.00,0.00,21.50,3.00,13.20,,
1.63,3.02,400.00,48.25,5.92,26.86,0.40,14.00,1.50,0.00,0.00,21.50,3.00,12.65,,
1.63,3.02,400.00,48.25,5.92,26.86,0.40,14.00,2.00,0.00,0.00,21.50,3.00,15.40,,
1.63,3.02,400.00,50.00,1.79,28.25,0.40,14.00,2.50,0.00,0.00,21.50,7.00,17.27,,
1.63,3.02,400.00,48.25,5.92,26.86,0.40,14.00,2.50,0.00,0.00,21.50,7.00,24.31,,
1.63,3.02,400.00,46.49,10.05,25.46,0.40,14.00,2.50,0.00,0.00,21.50,7.00,31.46,,
1.63,3.02,400.00,44.74,14.18,24.07,0.40,14.00,2.50,0.00,0.00,21.50,7.00,45.76,,
1.63,3.02,400.00,48.25,5.92,26.86,0.35,14.00,2.50,0.00,0.00,21.50,7.00,35.64,,
1.63,3.02,400.00,48.25,5.92,26.86,0.45,14.00,2.50,0.00,0.00,21.50,7.00,22.00,,
1.63,3.02,400.00,48.25,5.92,26.86,0.40,14.00,1.50,0.00,0.00,21.50,7.00,20.90,,
1.63,3.02,400.00,48.25,5.92,26.86,0.40,14.00,2.00,0.00,0.00,21.50,7.00,22.00,,
1.63,3.02,400.00,50.00,1.79,28.25,0.40,14.00,2.50,0.00,0.00,21.50,28.00,29.15,,
1.63,3.02,400.00,48.25,5.92,26.86,0.40,14.00,2.50,0.00,0.00,21.50,28.00,38.50,,
1.63,3.02,400.00,46.49,10.05,25.46,0.40,14.00,2.50,0.00,0.00,21.50,28.00,45.08,,
1.63,3.02,400.00,44.74,14.18,24.07,0.40,14.00,2.50,0.00,0.00,21.50,28.00,54.88,,
1.63,3.02,400.00,48.25,5.92,26.86,0.35,14.00,2.50,0.00,0.00,21.50,28.00,45.08,,
1.63,3.02,400.00,48.25,5.92,26.86,0.45,14.00,2.50,0.00,0.00,21.50,28.00,34.10,,
1.63,3.02,400.00,48.25,5.92,26.86,0.40,14.00,1.50,0.00,0.00,21.50,28.00,38.50,,
1.63,3.02,400.00,48.25,5.92,26.86,0.40,14.00,2.00,0.00,0.00,21.50,28.00,37.40,,
1.63,3.02,400.00,50.00,1.79,28.25,0.40,14.00,2.50,0.00,0.00,21.50,56.00,33.50,,
1.63,3.02,400.00,48.25,5.92,26.86,0.40,14.00,2.50,0.00,0.00,21.50,56.00,41.25,,
1.63,3.02,400.00,46.49,10.05,25.46,0.40,14.00,2.50,0.00,0.00,21.50,56.00,45.08,,
1.63,3.02,400.00,44.74,14.18,24.07,0.40,14.00,2.50,0.00,0.00,21.50,56.00,60.76,,
1.63,3.02,400.00,48.25,5.92,26.86,0.35,14.00,2.50,0.00,0.00,21.50,56.00,49.98,,
1.63,3.02,400.00,48.25,5.92,26.86,0.45,14.00,2.50,0.00,0.00,21.50,56.00,37.40,,
1.63,3.02,400.00,48.25,5.92,26.86,0.40,14.00,1.50,0.00,0.00,21.50,56.00,45.10,,
1.63,3.02,400.00,48.25,5.92,26.86,0.40,14.00,2.00,0.00,0.00,21.50,56.00,42.90,,
1.60,3.00,400.00,52.52,8.68,30.16,0.40,10.00,2.02,0.00,6.00,25.00,3.00,5.00,,
1.61,3.02,400.00,50.48,12.71,28.38,0.40,10.00,2.02,0.00,6.00,25.00,3.00,11.00,,
1.62,3.03,400.00,48.45,16.74,26.61,0.40,10.00,2.02,0.00,6.00,25.00,3.00,15.00,,
1.63,3.05,400.00,44.38,24.80,23.07,0.40,10.00,2.02,0.00,6.00,25.00,3.00,20.00,,
1.61,3.02,400.00,50.48,12.71,28.38,0.40,12.00,2.02,0.00,6.00,25.00,3.00,15.00,,
1.62,3.03,400.00,48.45,16.74,26.61,0.40,12.00,2.02,0.00,6.00,25.00,3.00,20.00,,
1.61,3.02,400.00,50.48,12.71,28.38,0.40,14.00,2.02,0.00,6.00,25.00,3.00,18.00,,
1.62,3.04,400.00,48.45,16.74,26.61,0.40,14.00,2.02,0.00,6.00,25.00,3.00,24.00,,
1.61,3.01,400.00,52.52,8.68,30.16,0.35,10.00,2.00,0.00,6.00,25.00,3.00,9.00,,
1.62,3.03,400.00,50.48,12.71,28.38,0.35,10.00,2.00,0.00,6.00,25.00,3.00,14.00,,
1.62,3.04,400.00,48.45,16.74,26.61,0.35,10.00,2.00,0.00,6.00,25.00,3.00,19.00,,
1.64,3.06,400.00,44.38,24.80,23.07,0.35,10.00,2.00,0.00,6.00,25.00,3.00,24.00,,
1.61,3.02,400.00,50.48,12.71,28.38,0.40,10.00,2.48,0.00,6.00,25.00,3.00,13.00,,
1.62,3.04,400.00,48.45,16.74,26.61,0.40,10.00,2.48,0.00,6.00,25.00,3.00,18.00,,
1.61,3.02,400.00,50.48,12.71,28.38,0.40,10.00,3.00,0.00,6.00,25.00,3.00,10.00,,
1.63,3.05,400.00,48.45,16.74,26.61,0.40,10.00,3.00,0.00,6.00,25.00,3.00,14.00,,
1.61,3.02,400.00,52.52,8.68,30.16,0.35,10.00,2.00,3.00,6.00,25.00,3.00,5.00,,
1.62,3.03,400.00,50.48,12.71,28.38,0.35,10.00,2.00,0.00,6.00,25.00,3.00,11.00,,
1.62,3.04,400.00,48.45,16.74,26.61,0.35,10.00,2.00,0.00,6.00,25.00,3.00,17.00,,
1.64,3.06,400.00,44.38,24.80,23.07,0.35,10.00,2.00,0.00,6.00,25.00,3.00,22.00,,
1.60,3.00,400.00,52.52,8.68,30.16,0.40,10.00,2.02,0.00,6.00,25.00,7.00,12.00,,
1.61,3.02,400.00,50.48,12.71,28.38,0.40,10.00,2.02,0.00,6.00,25.00,7.00,22.00,,
1.62,3.03,400.00,48.45,16.74,26.61,0.40,10.00,2.02,0.00,6.00,25.00,7.00,32.00,,
1.63,3.05,400.00,44.38,24.80,23.07,0.40,10.00,2.02,0.00,6.00,25.00,7.00,42.00,,
1.61,3.02,400.00,50.48,12.71,28.38,0.40,12.00,2.02,0.00,6.00,25.00,7.00,29.00,,
1.62,3.03,400.00,48.45,16.74,26.61,0.40,12.00,2.02,0.00,6.00,25.00,7.00,38.00,,
1.61,3.02,400.00,50.48,12.71,28.38,0.40,14.00,2.02,0.00,6.00,25.00,7.00,33.00,,
1.62,3.04,400.00,48.45,16.74,26.61,0.40,14.00,2.02,0.00,6.00,25.00,7.00,43.00,,
1.61,3.01,400.00,52.52,8.68,30.16,0.35,10.00,2.00,0.00,6.00,25.00,7.00,17.00,,
1.62,3.03,400.00,50.48,12.71,28.38,0.35,10.00,2.00,0.00,6.00,25.00,7.00,27.00,,
1.62,3.04,400.00,48.45,16.74,26.61,0.35,10.00,2.00,0.00,6.00,25.00,7.00,38.00,,
1.64,3.06,400.00,44.38,24.80,23.07,0.35,10.00,2.00,0.00,6.00,25.00,7.00,46.00,,
1.61,3.02,400.00,50.48,12.71,28.38,0.40,10.00,2.48,0.00,6.00,25.00,7.00,26.00,,
1.62,3.04,400.00,48.45,16.74,26.61,0.40,10.00,2.48,0.00,6.00,25.00,7.00,38.00,,
1.61,3.02,400.00,50.48,12.71,28.38,0.40,10.00,3.00,0.00,6.00,25.00,7.00,21.00,,
1.63,3.05,400.00,48.45,16.74,26.61,0.40,10.00,3.00,0.00,6.00,25.00,7.00,30.00,,
1.61,3.02,400.00,52.52,8.68,30.16,0.35,10.00,2.00,3.00,6.00,25.00,7.00,10.00,,
1.62,3.03,400.00,50.48,12.71,28.38,0.35,10.00,2.00,0.00,6.00,25.00,7.00,21.00,,
1.62,3.04,400.00,48.45,16.74,26.61,0.35,10.00,2.00,0.00,6.00,25.00,7.00,32.00,,
1.64,3.06,400.00,44.38,24.80,23.07,0.35,10.00,2.00,0.00,6.00,25.00,7.00,41.00,,
1.60,3.00,400.00,52.52,8.68,30.16,0.40,10.00,2.02,0.00,6.00,25.00,14.00,16.00,,
1.61,3.02,400.00,50.48,12.71,28.38,0.40,10.00,2.02,0.00,6.00,25.00,14.00,32.00,,
1.62,3.03,400.00,48.45,16.74,26.61,0.40,10.00,2.02,0.00,6.00,25.00,14.00,45.00,,
1.63,3.05,400.00,44.38,24.80,23.07,0.40,10.00,2.02,0.00,6.00,25.00,14.00,55.00,,
1.61,3.02,400.00,50.48,12.71,28.38,0.40,12.00,2.02,0.00,6.00,25.00,14.00,40.00,,
1.62,3.03,400.00,48.45,16.74,26.61,0.40,12.00,2.02,0.00,6.00,25.00,14.00,54.00,,
1.61,3.02,400.00,50.48,12.71,28.38,0.40,14.00,2.02,0.00,6.00,25.00,14.00,44.00,,
1.62,3.04,400.00,48.45,16.74,26.61,0.40,14.00,2.02,0.00,6.00,25.00,14.00,57.00,,
1.61,3.01,400.00,52.52,8.68,30.16,0.35,10.00,2.00,0.00,6.00,25.00,14.00,22.00,,
1.62,3.03,400.00,50.48,12.71,28.38,0.35,10.00,2.00,0.00,6.00,25.00,14.00,38.00,,
1.62,3.04,400.00,48.45,16.74,26.61,0.35,10.00,2.00,0.00,6.00,25.00,14.00,51.00,,
1.64,3.06,400.00,44.38,24.80,23.07,0.35,10.00,2.00,0.00,6.00,25.00,14.00,60.00,,
1.61,3.02,400.00,50.48,12.71,28.38,0.40,10.00,2.48,0.00,6.00,25.00,14.00,37.00,,
1.62,3.04,400.00,48.45,16.74,26.61,0.40,10.00,2.48,0.00,6.00,25.00,14.00,52.00,,
1.61,3.02,400.00,50.48,12.71,28.38,0.40,10.00,3.00,0.00,6.00,25.00,14.00,30.00,,
1.63,3.05,400.00,48.45,16.74,26.61,0.40,10.00,3.00,0.00,6.00,25.00,14.00,42.00,,
1.61,3.02,400.00,52.52,8.68,30.16,0.35,10.00,2.00,3.00,6.00,25.00,14.00,14.00,,
1.62,3.03,400.00,50.48,12.71,28.38,0.35,10.00,2.00,0.00,6.00,25.00,14.00,30.00,,
1.62,3.04,400.00,48.45,16.74,26.61,0.35,10.00,2.00,0.00,6.00,25.00,14.00,43.00,,
1.64,3.06,400.00,44.38,24.80,23.07,0.35,10.00,2.00,0.00,6.00,25.00,14.00,54.00,,
1.60,3.00,400.00,52.52,8.68,30.16,0.40,10.00,2.02,0.00,6.00,25.00,28.00,20.00,,
1.61,3.02,400.00,50.48,12.71,28.38,0.40,10.00,2.02,0.00,6.00,25.00,28.00,40.00,,
1.62,3.03,400.00,48.45,16.74,26.61,0.40,10.00,2.02,0.00,6.00,25.00,28.00,54.00,,
1.63,3.05,400.00,44.38,24.80,23.07,0.40,10.00,2.02,0.00,6.00,25.00,28.00,61.00,,
1.61,3.02,400.00,50.48,12.71,28.38,0.40,12.00,2.02,0.00,6.00,25.00,28.00,48.00,,
1.62,3.03,400.00,48.45,16.74,26.61,0.40,12.00,2.02,0.00,6.00,25.00,28.00,63.00,,
1.61,3.02,400.00,50.48,12.71,28.38,0.40,14.00,2.02,0.00,6.00,25.00,28.00,53.00,,
1.62,3.04,400.00,48.45,16.74,26.61,0.40,14.00,2.02,0.00,6.00,25.00,28.00,61.00,,
1.61,3.01,400.00,52.52,8.68,30.16,0.35,10.00,2.00,0.00,6.00,25.00,28.00,26.00,,
1.62,3.03,400.00,50.48,12.71,28.38,0.35,10.00,2.00,0.00,6.00,25.00,28.00,46.00,,
1.62,3.04,400.00,48.45,16.74,26.61,0.35,10.00,2.00,0.00,6.00,25.00,28.00,59.00,,
1.64,3.06,400.00,44.38,24.80,23.07,0.35,10.00,2.00,0.00,6.00,25.00,28.00,69.00,,
1.61,3.02,400.00,50.48,12.71,28.38,0.40,10.00,2.48,0.00,6.00,25.00,28.00,46.00,,
1.62,3.04,400.00,48.45,16.74,26.61,0.40,10.00,2.48,0.00,6.00,25.00,28.00,63.00,,
1.61,3.02,400.00,50.48,12.71,28.38,0.40,10.00,3.00,0.00,6.00,25.00,28.00,37.00,,
1.63,3.05,400.00,48.45,16.74,26.61,0.40,10.00,3.00,0.00,6.00,25.00,28.00,49.00,,
1.61,3.02,400.00,52.52,8.68,30.16,0.35,10.00,2.00,3.00,6.00,25.00,28.00,17.00,,
1.62,3.03,400.00,50.48,12.71,28.38,0.35,10.00,2.00,0.00,6.00,25.00,28.00,36.00,,
1.62,3.04,400.00,48.45,16.74,26.61,0.35,10.00,2.00,0.00,6.00,25.00,28.00,51.00,,
1.64,3.06,400.00,44.38,24.80,23.07,0.35,10.00,2.00,0.00,6.00,25.00,28.00,63.00,,
2.50,1.67,400.00,39.94,34.26,8.59,0.50,12.00,2.51,22.00,0.00,22.50,7.00,40.80,,
2.50,1.66,400.00,42.66,32.49,8.17,0.50,12.00,2.51,22.00,0.00,22.50,7.00,34.88,,
2.49,1.66,400.00,45.38,30.72,7.74,0.50,12.00,2.51,22.00,0.00,22.50,7.00,25.81,,
2.50,1.67,400.00,39.94,34.26,8.59,0.50,12.00,2.51,22.00,0.00,22.50,28.00,45.78,,
2.50,1.66,400.00,42.66,32.49,8.17,0.50,12.00,2.51,22.00,0.00,22.50,28.00,36.83,,
2.49,1.66,400.00,45.38,30.72,7.74,0.50,12.00,2.51,22.00,0.00,22.50,28.00,33.99,,
2.20,3.44,350.22,43.06,26.16,18.76,0.45,2.00,0.50,10.00,7.00,29.00,7.00,24.18,,
2.20,3.44,350.22,43.06,26.16,18.76,0.45,2.00,1.00,10.00,7.00,29.00,7.00,38.13,,
2.20,3.44,350.22,43.06,26.16,18.76,0.45,2.00,1.50,10.00,7.00,29.00,7.00,38.13,,
2.20,3.44,350.22,43.06,26.16,18.76,0.45,2.00,2.00,10.00,7.00,29.00,7.00,39.06,,
2.20,3.44,350.22,43.06,26.16,18.76,0.45,2.00,2.50,10.00,7.00,29.00,7.00,37.20,,
2.20,3.44,350.22,43.06,26.16,18.76,0.45,2.00,0.50,10.00,7.00,29.00,28.00,26.97,,
2.20,3.44,350.22,43.06,26.16,18.76,0.45,2.00,1.00,10.00,7.00,29.00,28.00,41.36,,
2.20,3.44,350.22,43.06,26.16,18.76,0.45,2.00,1.50,10.00,7.00,29.00,28.00,42.30,,
2.20,3.44,350.22,43.06,26.16,18.76,0.45,2.00,2.00,10.00,7.00,29.00,28.00,40.42,,
2.20,3.44,350.22,43.06,26.16,18.76,0.45,2.00,2.50,10.00,7.00,29.00,28.00,38.13,,
1.88,2.81,394.03,44.11,24.86,18.86,0.40,0.50,2.49,14.97,1.50,25.00,7.00,23.25,,
1.88,2.81,394.03,44.11,24.86,18.86,0.40,1.00,2.49,14.97,1.50,25.00,7.00,25.11,,
1.88,2.81,394.03,44.11,24.86,18.86,0.40,2.00,2.49,14.97,1.50,25.00,7.00,27.90,,
1.88,2.81,394.03,44.11,24.86,18.86,0.40,3.00,2.49,14.97,1.50,25.00,7.00,32.55,,
1.88,2.81,394.03,43.06,26.16,18.76,0.40,0.50,2.49,14.97,1.50,25.00,7.00,25.11,,
1.88,2.81,394.03,43.06,26.16,18.76,0.40,1.00,2.49,14.97,1.50,25.00,7.00,29.76,,
1.88,2.81,394.03,43.06,26.16,18.76,0.40,2.00,2.49,14.97,1.50,25.00,7.00,34.41,,
1.88,2.81,394.03,43.06,26.16,18.76,0.40,3.00,2.49,14.97,1.50,25.00,7.00,40.42,,
1.88,2.81,394.03,42.02,27.46,18.66,0.40,0.50,2.49,14.97,1.50,25.00,7.00,34.41,,
1.88,2.81,394.03,42.02,27.46,18.66,0.40,1.00,2.49,14.97,1.50,25.00,7.00,45.12,,
1.88,2.81,394.03,42.02,27.46,18.66,0.40,2.00,2.49,14.97,1.50,25.00,7.00,51.70,,
1.88,2.81,394.03,42.02,27.46,18.66,0.40,3.00,2.49,14.97,1.50,25.00,7.00,53.58,,
1.88,2.81,394.03,44.11,24.86,18.86,0.40,0.50,2.49,14.97,1.50,25.00,28.00,32.55,,
1.88,2.81,394.03,44.11,24.86,18.86,0.40,1.00,2.49,14.97,1.50,25.00,28.00,23.25,,
1.88,2.81,394.03,44.11,24.86,18.86,0.40,2.00,2.49,14.97,1.50,25.00,28.00,27.90,,
1.88,2.81,394.03,44.11,24.86,18.86,0.40,3.00,2.49,14.97,1.50,25.00,28.00,30.69,,
1.88,2.81,394.03,43.06,26.16,18.76,0.40,0.50,2.49,14.97,1.50,25.00,28.00,27.90,,
1.88,2.81,394.03,43.06,26.16,18.76,0.40,1.00,2.49,14.97,1.50,25.00,28.00,30.69,,
1.88,2.81,394.03,43.06,26.16,18.76,0.40,2.00,2.49,14.97,1.50,25.00,28.00,37.20,,
1.88,2.81,394.03,43.06,26.16,18.76,0.40,3.00,2.49,14.97,1.50,25.00,28.00,41.36,,
1.88,2.81,394.03,42.02,27.46,18.66,0.40,0.50,2.49,14.97,1.50,25.00,28.00,36.27,,
1.88,2.81,394.03,42.02,27.46,18.66,0.40,1.00,2.49,14.97,1.50,25.00,28.00,46.06,,
1.88,2.81,394.03,42.02,27.46,18.66,0.40,2.00,2.49,14.97,1.50,25.00,28.00,54.52,,
1.88,2.81,394.03,42.02,27.46,18.66,0.40,3.00,2.49,14.97,1.50,25.00,28.00,58.28,,
1.86,2.79,387.08,50.44,27.04,14.31,0.55,8.00,2.50,0.00,0.00,25.00,28.00,53.35,,
1.86,2.79,387.08,52.85,25.73,13.70,0.55,8.00,2.50,0.00,0.00,25.00,28.00,55.69,,
1.86,2.79,387.08,55.26,24.42,13.10,0.55,8.00,2.50,0.00,0.00,25.00,28.00,59.21,,
1.86,2.79,387.08,57.67,23.10,12.50,0.55,8.00,2.50,0.00,0.00,25.00,28.00,47.58,,
1.86,2.79,387.08,51.90,26.77,12.65,0.55,8.00,2.50,0.00,0.00,25.00,28.00,52.45,,
1.86,2.79,387.08,54.31,25.46,12.05,0.55,8.00,2.50,0.00,0.00,25.00,28.00,45.28,,
1.86,2.79,387.08,56.72,24.15,11.45,0.55,8.00,2.50,0.00,0.00,25.00,28.00,39.76,,
1.86,2.79,387.08,59.13,22.83,10.85,0.55,8.00,2.50,0.00,0.00,25.00,28.00,35.28,,
1.50,3.00,407.00,58.27,2.89,26.10,0.40,8.00,2.50,0.00,0.00,25.00,3.00,2.21,,
1.50,3.00,407.00,55.76,7.18,24.81,0.40,8.00,2.50,0.00,0.00,25.00,3.00,4.00,,
1.50,3.00,407.00,53.26,11.47,23.52,0.40,8.00,2.50,0.00,0.00,25.00,3.00,5.30,,
1.50,3.00,407.00,50.75,15.75,22.23,0.40,8.00,2.50,0.00,0.00,25.00,3.00,8.90,,
1.50,3.00,407.00,48.24,20.04,20.94,0.40,8.00,2.50,0.00,0.00,25.00,3.00,9.60,,
1.50,3.00,407.00,45.74,24.33,19.65,0.40,8.00,2.50,0.00,0.00,25.00,3.00,11.60,,
1.50,3.00,407.00,43.23,28.62,18.36,0.40,8.00,2.50,0.00,0.00,25.00,3.00,13.40,,
1.50,3.00,407.00,40.72,32.91,17.07,0.40,8.00,2.50,0.00,0.00,25.00,3.00,15.40,,
1.50,3.00,407.00,58.27,2.89,26.10,0.40,8.00,2.50,0.00,0.00,25.00,7.00,7.10,,
1.50,3.00,407.00,55.76,7.18,24.81,0.40,8.00,2.50,0.00,0.00,25.00,7.00,9.70,,
1.50,3.00,407.00,53.26,11.47,23.52,0.40,8.00,2.50,0.00,0.00,25.00,7.00,12.70,,
1.50,3.00,407.00,50.75,15.75,22.23,0.40,8.00,2.50,0.00,0.00,25.00,7.00,15.70,,
1.50,3.00,407.00,48.24,20.04,20.94,0.40,8.00,2.50,0.00,0.00,25.00,7.00,18.10,,
1.50,3.00,407.00,45.74,24.33,19.65,0.40,8.00,2.50,0.00,0.00,25.00,7.00,21.00,,
1.50,3.00,407.00,43.23,28.62,18.36,0.40,8.00,2.50,0.00,0.00,25.00,7.00,24.00,,
1.50,3.00,407.00,40.72,32.91,17.07,0.40,8.00,2.50,0.00,0.00,25.00,7.00,24.70,,
1.50,3.00,407.00,58.27,2.89,26.10,0.40,8.00,2.50,0.00,0.00,25.00,21.00,12.70,,
1.50,3.00,407.00,55.76,7.18,24.81,0.40,8.00,2.50,0.00,0.00,25.00,21.00,13.90,,
1.50,3.00,407.00,53.26,11.47,23.52,0.40,8.00,2.50,0.00,0.00,25.00,21.00,16.00,,
1.50,3.00,407.00,50.75,15.75,22.23,0.40,8.00,2.50,0.00,0.00,25.00,21.00,20.40,,
1.50,3.00,407.00,48.24,20.04,20.94,0.40,8.00,2.50,0.00,0.00,25.00,21.00,23.50,,
1.50,3.00,407.00,45.74,24.33,19.65,0.40,8.00,2.50,0.00,0.00,25.00,21.00,28.10,,
1.50,3.00,407.00,43.23,28.62,18.36,0.40,8.00,2.50,0.00,0.00,25.00,21.00,31.30,,
1.50,3.00,407.00,40.72,32.91,17.07,0.40,8.00,2.50,0.00,0.00,25.00,21.00,33.40,,
1.50,3.00,407.00,58.27,2.89,26.10,0.40,8.00,2.50,0.00,0.00,25.00,28.00,15.70,,
1.50,3.00,407.00,55.76,7.18,24.81,0.40,8.00,2.50,0.00,0.00,25.00,28.00,17.30,,
1.50,3.00,407.00,53.26,11.47,23.52,0.40,8.00,2.50,0.00,0.00,25.00,28.00,22.70,,
1.50,3.00,407.00,50.75,15.75,22.23,0.40,8.00,2.50,0.00,0.00,25.00,28.00,27.80,,
1.50,3.00,407.00,48.24,20.04,20.94,0.40,8.00,2.50,0.00,0.00,25.00,28.00,32.00,,
1.50,3.00,407.00,45.74,24.33,19.65,0.40,8.00,2.50,0.00,0.00,25.00,28.00,34.50,,
1.50,3.00,407.00,43.23,28.62,18.36,0.40,8.00,2.50,0.00,0.00,25.00,28.00,36.60,,
1.50,3.00,407.00,40.72,32.91,17.07,0.40,8.00,2.50,0.00,0.00,25.00,28.00,38.90,,
2.01,2.66,378.00,43.75,7.41,31.56,0.56,4.00,0.50,0.00,0.00,20.00,3.00,2.42,,
2.01,2.65,379.00,41.84,11.49,30.34,0.56,4.00,0.50,0.00,0.00,20.00,3.00,6.27,,
1.99,2.64,381.00,40.23,14.96,29.30,0.56,4.00,0.50,0.00,2.23,20.00,3.00,3.74,,
2.00,2.64,380.00,38.89,17.81,28.45,0.56,4.00,0.50,0.00,2.24,20.00,3.00,19.78,,
2.00,2.64,380.00,38.89,17.81,28.45,0.56,4.00,0.50,0.00,2.24,20.00,3.00,4.18,,
2.01,2.65,379.00,37.69,20.39,27.68,0.56,4.00,0.50,0.00,2.24,20.00,3.00,16.39,,
2.01,2.66,378.00,43.75,7.41,31.56,0.56,4.00,0.50,0.00,0.00,20.00,7.00,11.44,,
2.01,2.65,379.00,41.84,11.49,30.34,0.56,4.00,0.50,0.00,0.00,20.00,7.00,14.19,,
1.99,2.64,381.00,40.23,14.96,29.30,0.56,4.00,0.50,0.00,2.23,20.00,7.00,11.88,,
2.00,2.64,380.00,38.89,17.81,28.45,0.56,4.00,0.50,0.00,2.24,20.00,7.00,29.87,,
2.00,2.64,380.00,38.89,17.81,28.45,0.56,4.00,0.50,0.00,2.24,20.00,7.00,20.13,,
2.01,2.65,379.00,37.69,20.39,27.68,0.56,4.00,0.50,0.00,2.24,20.00,7.00,29.26,,
1.99,2.64,381.00,40.23,14.96,29.30,0.56,6.00,0.50,0.00,0.00,20.00,14.00,38.06,,
1.99,2.64,381.00,40.23,14.96,29.30,0.56,6.00,1.00,0.00,0.00,20.00,14.00,30.14,,
1.99,2.64,381.00,40.23,14.96,29.30,0.56,4.00,0.50,0.00,0.00,20.00,14.00,32.89,,
1.99,2.64,381.00,40.23,14.96,29.30,0.56,4.00,1.00,0.00,0.00,20.00,14.00,30.25,,
2.01,2.66,378.00,43.75,7.41,31.56,0.56,4.00,0.50,0.00,0.00,20.00,14.00,14.41,,
2.01,2.65,379.00,41.84,11.49,30.34,0.56,4.00,0.50,0.00,0.00,20.00,14.00,21.89,,
1.99,2.64,381.00,40.23,14.96,29.30,0.56,4.00,0.50,0.00,2.23,20.00,14.00,30.36,,
2.00,2.64,380.00,38.89,17.81,28.45,0.56,4.00,0.50,0.00,2.24,20.00,14.00,32.07,,
2.00,2.64,380.00,38.89,17.81,28.45,0.56,4.00,0.50,0.00,2.24,20.00,14.00,27.39,,
2.01,2.65,379.00,37.69,20.39,27.68,0.56,4.00,0.50,0.00,2.24,20.00,14.00,26.51,,
1.99,2.64,381.00,40.23,14.96,29.30,0.56,6.00,0.50,0.00,0.00,20.00,28.00,41.14,,
1.99,2.64,381.00,40.23,14.96,29.30,0.56,6.00,1.00,0.00,0.00,20.00,28.00,29.26,,
1.99,2.64,381.00,40.23,14.96,29.30,0.56,4.00,0.50,0.00,0.00,20.00,28.00,32.89,,
1.99,2.64,381.00,40.23,14.96,29.30,0.56,4.00,1.00,0.00,0.00,20.00,28.00,33.77,,
2.01,2.66,378.00,43.75,7.41,31.56,0.56,4.00,0.50,0.00,0.00,20.00,28.00,17.05,,
2.01,2.65,379.00,41.84,11.49,30.34,0.56,4.00,0.50,0.00,0.00,20.00,28.00,25.30,,
1.99,2.64,381.00,40.23,14.96,29.30,0.56,4.00,0.50,0.00,2.23,20.00,28.00,33.66,,
2.00,2.64,380.00,38.89,17.81,28.45,0.56,4.00,0.50,0.00,2.24,20.00,28.00,42.91,,
2.00,2.64,380.00,38.89,17.81,28.45,0.56,4.00,0.50,0.00,2.24,20.00,28.00,30.58,,
2.01,2.65,379.00,37.69,20.39,27.68,0.56,4.00,0.50,0.00,2.24,20.00,28.00,30.80,,
2.01,2.66,378.00,43.75,7.41,31.56,0.56,4.00,0.50,0.00,0.00,20.00,56.00,20.24,,
2.01,2.65,379.00,41.84,11.49,30.34,0.56,4.00,0.50,0.00,0.00,20.00,56.00,28.05,,
1.99,2.64,381.00,40.23,14.96,29.30,0.56,4.00,0.50,0.00,2.23,20.00,56.00,32.45,,
2.00,2.64,380.00,38.89,17.81,28.45,0.56,4.00,0.50,0.00,2.24,20.00,56.00,45.06,,
2.00,2.64,380.00,38.89,17.81,28.45,0.56,4.00,0.50,0.00,2.24,20.00,56.00,30.03,,
2.01,2.65,379.00,37.69,20.39,27.68,0.56,4.00,0.50,0.00,2.24,20.00,56.00,21.78,,
1.63,3.02,400.00,51.34,6.26,25.71,0.40,14.00,2.50,0.00,0.00,20.00,7.00,29.70,,
1.63,3.02,400.00,48.96,10.61,24.21,0.40,14.00,2.50,0.00,0.00,20.00,7.00,34.10,,
1.63,3.02,400.00,51.34,6.26,25.71,0.40,14.00,1.50,0.00,0.00,20.00,7.00,27.50,,
1.63,3.02,400.00,48.96,10.61,24.21,0.40,14.00,1.50,0.00,0.00,20.00,7.00,31.90,,
1.65,3.06,400.00,53.71,1.90,27.20,0.35,14.00,2.50,0.00,1.50,20.00,7.00,12.10,,
1.64,3.04,400.00,51.34,6.26,25.71,0.35,14.00,2.50,2.00,1.50,20.00,7.00,16.50,,
1.64,3.04,400.00,48.96,10.61,24.21,0.35,14.00,2.50,2.00,1.50,20.00,7.00,24.20,,
1.65,3.06,400.00,53.71,1.90,27.20,0.35,14.00,1.50,0.00,1.50,20.00,7.00,8.80,,
1.64,3.04,400.00,51.34,6.26,25.71,0.35,14.00,1.50,2.00,1.50,20.00,7.00,15.40,,
1.64,3.04,400.00,48.96,10.61,24.21,0.35,14.00,1.50,2.00,1.50,20.00,7.00,27.50,,
1.63,3.02,400.00,51.34,6.26,25.71,0.40,14.00,2.50,0.00,0.00,20.00,28.00,44.00,,
1.63,3.02,400.00,48.96,10.61,24.21,0.40,14.00,2.50,0.00,0.00,20.00,28.00,46.06,,
1.63,3.02,400.00,51.34,6.26,25.71,0.40,14.00,1.50,0.00,0.00,20.00,28.00,42.14,,
1.63,3.02,400.00,48.96,10.61,24.21,0.40,14.00,1.50,0.00,0.00,20.00,28.00,52.92,,
1.65,3.06,400.00,53.71,1.90,27.20,0.35,14.00,2.50,0.00,1.50,20.00,28.00,27.50,,
1.64,3.04,400.00,51.34,6.26,25.71,0.35,14.00,2.50,2.00,1.50,20.00,28.00,29.70,,
1.64,3.04,400.00,48.96,10.61,24.21,0.35,14.00,2.50,2.00,1.50,20.00,28.00,38.50,,
1.65,3.06,400.00,53.71,1.90,27.20,0.35,14.00,1.50,0.00,1.50,20.00,28.00,29.70,,
1.64,3.04,400.00,51.34,6.26,25.71,0.35,14.00,1.50,2.00,1.50,20.00,28.00,29.70,,
1.64,3.04,400.00,48.96,10.61,24.21,0.35,14.00,1.50,2.00,1.50,20.00,28.00,44.10,,
1.63,3.02,400.00,51.34,6.26,25.71,0.40,14.00,2.50,0.00,0.00,20.00,56.00,44.10,,
1.63,3.02,400.00,48.96,10.61,24.21,0.40,14.00,2.50,0.00,0.00,20.00,56.00,49.00,,
1.63,3.02,400.00,51.34,6.26,25.71,0.40,14.00,1.50,0.00,0.00,20.00,56.00,49.00,,
1.63,3.02,400.00,48.96,10.61,24.21,0.40,14.00,1.50,0.00,0.00,20.00,56.00,61.74,,
1.65,3.06,400.00,53.71,1.90,27.20,0.35,14.00,2.50,0.00,1.50,20.00,56.00,33.00,,
1.64,3.04,400.00,51.34,6.26,25.71,0.35,14.00,2.50,2.00,1.50,20.00,56.00,38.50,,
1.64,3.04,400.00,48.96,10.61,24.21,0.35,14.00,2.50,2.00,1.50,20.00,56.00,44.00,,
1.65,3.06,400.00,53.71,1.90,27.20,0.35,14.00,1.50,0.00,1.50,20.00,56.00,35.20,,
1.64,3.04,400.00,51.34,6.26,25.71,0.35,14.00,1.50,2.00,1.50,20.00,56.00,38.50,,
1.64,3.04,400.00,48.96,10.61,24.21,0.35,14.00,1.50,2.00,1.50,20.00,56.00,57.20,,
1.50,3.00,407.00,58.23,2.87,25.08,0.40,8.00,2.00,0.01,0.00,33.50,7.00,2.35,,
1.50,3.00,407.00,55.63,7.05,23.79,0.40,8.00,2.00,0.01,0.00,33.50,7.00,4.70,,
1.50,3.00,407.00,53.03,11.24,22.49,0.40,8.00,2.00,0.01,0.00,33.50,7.00,5.90,,
1.50,3.00,407.00,50.44,15.42,21.20,0.40,8.00,2.00,0.01,0.00,33.50,7.00,9.20,,
1.50,3.00,407.00,47.84,19.61,19.90,0.40,8.00,2.00,0.01,0.00,33.50,7.00,10.10,,
1.50,3.00,407.00,45.24,23.79,18.61,0.40,8.00,2.00,0.01,0.00,33.50,7.00,12.00,,
1.50,3.00,407.00,42.64,27.97,17.32,0.40,8.00,2.00,0.01,0.00,33.50,7.00,13.60,,
1.50,3.00,407.00,40.04,32.16,16.02,0.40,8.00,2.00,0.01,0.00,33.50,7.00,15.60,,
1.50,3.00,407.00,58.23,2.87,25.08,0.40,8.00,2.00,0.01,0.00,33.50,14.00,7.45,,
1.50,3.00,407.00,55.63,7.05,23.79,0.40,8.00,2.00,0.01,0.00,33.50,14.00,10.20,,
1.50,3.00,407.00,53.03,11.24,22.49,0.40,8.00,2.00,0.01,0.00,33.50,14.00,13.70,,
1.50,3.00,407.00,50.44,15.42,21.20,0.40,8.00,2.00,0.01,0.00,33.50,14.00,15.60,,
1.50,3.00,407.00,47.84,19.61,19.90,0.40,8.00,2.00,0.01,0.00,33.50,14.00,18.30,,
1.50,3.00,407.00,45.24,23.79,18.61,0.40,8.00,2.00,0.01,0.00,33.50,14.00,21.20,,
1.50,3.00,407.00,42.64,27.97,17.32,0.40,8.00,2.00,0.01,0.00,33.50,14.00,24.10,,
1.50,3.00,407.00,40.04,32.16,16.02,0.40,8.00,2.00,0.01,0.00,33.50,14.00,24.70,,
1.50,3.00,407.00,58.23,2.87,25.08,0.40,8.00,2.00,0.01,0.00,33.50,21.00,13.20,,
1.50,3.00,407.00,55.63,7.05,23.79,0.40,8.00,2.00,0.01,0.00,33.50,21.00,14.50,,
1.50,3.00,407.00,53.03,11.24,22.49,0.40,8.00,2.00,0.01,0.00,33.50,21.00,16.20,,
1.50,3.00,407.00,50.44,15.42,21.20,0.40,8.00,2.00,0.01,0.00,33.50,21.00,20.50,,
1.50,3.00,407.00,47.84,19.61,19.90,0.40,8.00,2.00,0.01,0.00,33.50,21.00,23.70,,
1.50,3.00,407.00,45.24,23.79,18.61,0.40,8.00,2.00,0.01,0.00,33.50,21.00,28.10,,
1.50,3.00,407.00,42.64,27.97,17.32,0.40,8.00,2.00,0.01,0.00,33.50,21.00,31.40,,
1.50,3.00,407.00,40.04,32.16,16.02,0.40,8.00,2.00,0.01,0.00,33.50,21.00,33.60,,
1.50,3.00,407.00,58.23,2.87,25.08,0.40,8.00,2.00,0.01,0.00,33.50,28.00,16.00,,
1.50,3.00,407.00,55.63,7.05,23.79,0.40,8.00,2.00,0.01,0.00,33.50,28.00,17.60,,
1.50,3.00,407.00,53.03,11.24,22.49,0.40,8.00,2.00,0.01,0.00,33.50,28.00,23.00,,
1.50,3.00,407.00,50.44,15.42,21.20,0.40,8.00,2.00,0.01,0.00,33.50,28.00,28.10,,
1.50,3.00,407.00,47.84,19.61,19.90,0.40,8.00,2.00,0.01,0.00,33.50,28.00,32.00,,
1.50,3.00,407.00,45.24,23.79,18.61,0.40,8.00,2.00,0.01,0.00,33.50,28.00,34.50,,
1.50,3.00,407.00,42.64,27.97,17.32,0.40,8.00,2.00,0.01,0.00,33.50,28.00,36.90,,
1.50,3.00,407.00,40.04,32.16,16.02,0.40,8.00,2.00,0.01,0.00,33.50,28.00,39.00,,
1.61,2.99,400.00,51.59,7.05,25.13,0.40,10.00,2.02,0.00,1.00,20.00,3.00,4.74,,
1.62,3.00,400.00,50.77,8.74,24.49,0.40,10.00,2.02,0.00,1.00,20.00,3.00,8.84,,
1.62,3.01,400.00,49.95,10.44,23.85,0.40,10.00,2.02,0.00,1.00,20.00,3.00,11.72,,
1.63,3.02,400.00,49.12,12.14,23.21,0.40,10.00,2.02,0.00,1.00,20.00,3.00,14.23,,
1.63,3.03,400.00,48.30,13.84,22.56,0.40,10.00,2.02,0.00,1.00,20.00,3.00,16.09,,
1.62,3.00,400.00,50.77,8.74,24.49,0.40,12.00,2.02,0.00,1.00,20.00,3.00,11.25,,
1.62,3.01,400.00,49.95,10.44,23.85,0.40,12.00,2.02,0.00,1.00,20.00,3.00,16.18,,
1.65,3.06,400.00,49.12,12.14,23.21,0.40,12.00,2.02,0.00,1.00,20.00,3.00,22.97,,
1.63,3.02,400.00,50.77,8.74,24.49,0.35,10.00,1.98,0.00,1.00,20.00,3.00,5.67,,
1.65,3.07,400.00,49.95,10.44,23.85,0.35,10.00,1.98,0.00,1.00,20.00,3.00,9.30,,
1.68,3.12,400.00,49.12,12.14,23.21,0.35,10.00,1.98,0.00,1.00,20.00,3.00,15.90,,
1.59,2.96,400.00,50.77,8.74,24.49,0.40,10.00,1.50,0.00,1.00,20.00,3.00,6.23,,
1.65,3.06,400.00,49.12,12.14,23.21,0.40,10.00,2.48,0.00,1.00,20.00,3.00,19.62,,
1.61,2.99,400.00,51.59,7.05,25.13,0.40,10.00,2.02,0.00,1.00,20.00,7.00,11.35,,
1.62,3.00,400.00,50.77,8.74,24.49,0.40,10.00,2.02,0.00,1.00,20.00,7.00,14.69,,
1.62,3.01,400.00,49.95,10.44,23.85,0.40,10.00,2.02,0.00,1.00,20.00,7.00,24.92,,
1.63,3.02,400.00,49.12,12.14,23.21,0.40,10.00,2.02,0.00,1.00,20.00,7.00,29.39,,
1.63,3.03,400.00,48.30,13.84,22.56,0.40,10.00,2.02,0.00,1.00,20.00,7.00,34.13,,
1.62,3.00,400.00,50.77,8.74,24.49,0.40,12.00,2.02,0.00,1.00,20.00,7.00,20.83,,
1.62,3.01,400.00,49.95,10.44,23.85,0.40,12.00,2.02,0.00,1.00,20.00,7.00,27.62,,
1.65,3.06,400.00,49.12,12.14,23.21,0.40,12.00,2.02,0.00,1.00,20.00,7.00,37.67,,
1.63,3.02,400.00,50.77,8.74,24.49,0.35,10.00,1.98,0.00,1.00,20.00,7.00,17.11,,
1.65,3.07,400.00,49.95,10.44,23.85,0.35,10.00,1.98,0.00,1.00,20.00,7.00,24.74,,
1.68,3.12,400.00,49.12,12.14,23.21,0.35,10.00,1.98,0.00,1.00,20.00,7.00,30.88,,
1.59,2.96,400.00,50.77,8.74,24.49,0.40,10.00,1.50,0.00,1.00,20.00,7.00,18.41,,
1.65,3.06,400.00,49.12,12.14,23.21,0.40,10.00,2.48,0.00,1.00,20.00,7.00,31.34,,
1.61,2.99,400.00,51.59,7.05,25.13,0.40,10.00,2.02,0.00,1.00,20.00,14.00,16.55,,
1.62,3.00,400.00,50.77,8.74,24.49,0.40,10.00,2.02,0.00,1.00,20.00,14.00,21.11,,
1.62,3.01,400.00,49.95,10.44,23.85,0.40,10.00,2.02,0.00,1.00,20.00,14.00,29.39,,
1.63,3.02,400.00,49.12,12.14,23.21,0.40,10.00,2.02,0.00,1.00,20.00,14.00,35.62,,
1.63,3.03,400.00,48.30,13.84,22.56,0.40,10.00,2.02,0.00,1.00,20.00,14.00,45.31,,
1.62,3.00,400.00,50.77,8.74,24.49,0.40,12.00,2.02,0.00,1.00,20.00,14.00,26.41,,
1.62,3.01,400.00,49.95,10.44,23.85,0.40,12.00,2.02,0.00,1.00,20.00,14.00,37.57,,
1.65,3.06,400.00,49.12,12.14,23.21,0.40,12.00,2.02,0.00,1.00,20.00,14.00,44.46,,
1.63,3.02,400.00,50.77,8.74,24.49,0.35,10.00,1.98,0.00,1.00,20.00,14.00,23.90,,
1.65,3.07,400.00,49.95,10.44,23.85,0.35,10.00,1.98,0.00,1.00,20.00,14.00,32.09,,
1.68,3.12,400.00,49.12,12.14,23.21,0.35,10.00,1.98,0.00,1.00,20.00,14.00,38.13,,
1.59,2.96,400.00,50.77,8.74,24.49,0.40,10.00,1.50,0.00,1.00,20.00,14.00,24.09,,
1.65,3.06,400.00,49.12,12.14,23.21,0.40,10.00,2.48,0.00,1.00,20.00,14.00,38.13,,
1.61,2.99,400.00,51.59,7.05,25.13,0.40,10.00,2.02,0.00,1.00,20.00,28.00,20.46,,
1.62,3.00,400.00,50.77,8.74,24.49,0.40,10.00,2.02,0.00,1.00,20.00,28.00,27.34,,
1.62,3.01,400.00,49.95,10.44,23.85,0.40,10.00,2.02,0.00,1.00,20.00,28.00,38.87,,
1.63,3.02,400.00,49.12,12.14,23.21,0.40,10.00,2.02,0.00,1.00,20.00,28.00,43.99,,
1.63,3.03,400.00,48.30,13.84,22.56,0.40,10.00,2.02,0.00,1.00,20.00,28.00,53.11,,
1.62,3.00,400.00,50.77,8.74,24.49,0.40,12.00,2.02,0.00,1.00,20.00,28.00,33.67,,
1.62,3.01,400.00,49.95,10.44,23.85,0.40,12.00,2.02,0.00,1.00,20.00,28.00,43.52,,
1.65,3.06,400.00,49.12,12.14,23.21,0.40,12.00,2.02,0.00,1.00,20.00,28.00,54.05,,
1.63,3.02,400.00,50.77,8.74,24.49,0.35,10.00,1.98,0.00,1.00,20.00,28.00,27.25,,
1.65,3.07,400.00,49.95,10.44,23.85,0.35,10.00,1.98,0.00,1.00,20.00,28.00,37.94,,
1.68,3.12,400.00,49.12,12.14,23.21,0.35,10.00,1.98,0.00,1.00,20.00,28.00,45.21,,
1.59,2.96,400.00,50.77,8.74,24.49,0.40,10.00,1.50,0.00,1.00,20.00,28.00,30.78,,
1.65,3.06,400.00,49.12,12.14,23.21,0.40,10.00,2.48,0.00,1.00,20.00,28.00,45.87,,
1.61,2.99,400.00,51.59,7.05,25.13,0.40,10.00,2.02,0.00,1.00,20.00,56.00,22.32,,
1.62,3.00,400.00,50.77,8.74,24.49,0.40,10.00,2.02,0.00,1.00,20.00,56.00,29.11,,
1.62,3.01,400.00,49.95,10.44,23.85,0.40,10.00,2.02,0.00,1.00,20.00,56.00,43.99,,
1.63,3.02,400.00,49.12,12.14,23.21,0.40,10.00,2.02,0.00,1.00,20.00,56.00,47.63,,
1.63,3.03,400.00,48.30,13.84,22.56,0.40,10.00,2.02,0.00,1.00,20.00,56.00,58.56,,
1.38,3.23,385.00,60.03,3.93,28.33,0.41,8.00,2.50,6.75,1.82,27.00,3.00,7.02,,
1.26,2.95,412.50,60.03,3.93,28.33,0.41,8.00,2.50,6.79,1.82,27.00,3.00,8.51,,
1.15,2.70,440.00,60.03,3.93,28.33,0.41,8.00,2.50,6.36,1.82,27.00,3.00,10.99,,
1.38,3.22,385.00,60.03,3.93,28.33,0.41,12.00,2.50,7.79,1.82,27.00,3.00,9.03,,
1.26,2.93,412.50,60.03,3.93,28.33,0.41,12.00,2.50,7.27,1.82,27.00,3.00,11.05,,
1.15,2.68,440.00,60.03,3.93,28.33,0.41,12.00,2.50,7.27,1.82,27.00,3.00,14.05,,
1.38,3.21,385.00,60.03,3.93,28.33,0.41,16.00,2.50,8.31,1.82,27.00,3.00,10.01,,
1.25,2.93,412.50,60.03,3.93,28.33,0.41,16.00,2.50,8.24,1.82,27.00,3.00,12.03,,
1.15,2.68,440.00,60.03,3.93,28.33,0.41,16.00,2.50,8.18,1.82,27.00,3.00,14.99,,
1.38,3.23,385.00,60.03,3.93,28.33,0.41,8.00,2.50,6.75,1.82,27.00,7.00,10.99,,
1.26,2.95,412.50,60.03,3.93,28.33,0.41,8.00,2.50,6.79,1.82,27.00,7.00,13.02,,
1.15,2.70,440.00,60.03,3.93,28.33,0.41,8.00,2.50,6.36,1.82,27.00,7.00,16.05,,
1.38,3.22,385.00,60.03,3.93,28.33,0.41,12.00,2.50,7.79,1.82,27.00,7.00,14.02,,
1.26,2.93,412.50,60.03,3.93,28.33,0.41,12.00,2.50,7.27,1.82,27.00,7.00,16.94,,
1.15,2.68,440.00,60.03,3.93,28.33,0.41,12.00,2.50,7.27,1.82,27.00,7.00,20.02,,
1.38,3.21,385.00,60.03,3.93,28.33,0.41,16.00,2.50,8.31,1.82,27.00,7.00,19.02,,
1.25,2.93,412.50,60.03,3.93,28.33,0.41,16.00,2.50,8.24,1.82,27.00,7.00,21.06,,
1.15,2.68,440.00,60.03,3.93,28.33,0.41,16.00,2.50,8.18,1.82,27.00,7.00,25.07,,
1.38,3.23,385.00,60.03,3.93,28.33,0.41,8.00,2.50,6.75,1.82,27.00,28.00,22.02,,
1.26,2.95,412.50,60.03,3.93,28.33,0.41,8.00,2.50,6.79,1.82,27.00,28.00,25.01,,
1.15,2.70,440.00,60.03,3.93,28.33,0.41,8.00,2.50,6.36,1.82,27.00,28.00,27.00,,
1.38,3.22,385.00,60.03,3.93,28.33,0.41,12.00,2.50,7.79,1.82,27.00,28.00,29.99,,
1.26,2.93,412.50,60.03,3.93,28.33,0.41,12.00,2.50,7.27,1.82,27.00,28.00,34.98,,
1.15,2.68,440.00,60.03,3.93,28.33,0.41,12.00,2.50,7.27,1.82,27.00,28.00,37.96,,
1.38,3.21,385.00,60.03,3.93,28.33,0.41,16.00,2.50,8.31,1.82,27.00,28.00,32.98,,
1.25,2.93,412.50,60.03,3.93,28.33,0.41,16.00,2.50,8.24,1.82,27.00,28.00,37.96,,
1.15,2.68,440.00,60.03,3.93,28.33,0.41,16.00,2.50,8.18,1.82,27.00,28.00,41.01,,
1.39,2.58,450.00,32.40,40.70,14.96,0.35,14.00,2.50,0.00,5.00,25.00,7.00,59.17,,
1.39,2.58,450.00,35.38,36.86,16.21,0.35,14.00,2.50,0.00,5.00,25.00,7.00,57.38,,
1.39,2.58,450.00,38.36,33.01,17.47,0.35,14.00,2.50,0.00,5.00,25.00,7.00,55.21,,
1.39,2.58,450.00,41.34,29.17,18.72,0.35,14.00,2.50,0.00,5.00,25.00,7.00,48.22,,
1.39,2.58,450.00,44.32,25.33,19.98,0.35,14.00,2.50,0.00,5.00,25.00,7.00,41.83,,
1.39,2.58,450.00,47.30,21.49,21.23,0.35,14.00,2.50,0.00,5.00,25.00,7.00,44.90,,
1.39,2.58,450.00,50.28,17.64,22.48,0.35,14.00,2.50,0.00,5.00,25.00,7.00,38.95,,
1.39,2.58,450.00,32.40,40.70,14.96,0.35,14.00,2.50,0.00,5.00,25.00,7.00,59.17,,
1.39,2.58,450.00,34.38,36.80,17.87,0.35,14.00,2.50,0.00,5.00,25.00,7.00,44.03,,
1.39,2.58,450.00,36.36,32.90,20.78,0.35,14.00,2.50,0.00,5.00,25.00,7.00,37.63,,
1.39,2.58,450.00,38.34,29.00,23.70,0.35,14.00,2.50,0.00,5.00,25.00,7.00,30.95,,
1.39,2.58,450.00,40.32,25.10,26.61,0.35,14.00,2.50,0.00,5.00,25.00,7.00,29.43,,
1.39,2.58,450.00,42.31,21.20,29.52,0.35,14.00,2.50,0.00,5.00,25.00,7.00,28.36,,
1.39,2.58,450.00,44.29,17.29,32.43,0.35,14.00,2.50,0.00,5.00,25.00,7.00,27.90,,
1.39,2.58,450.00,32.40,40.70,14.96,0.35,14.00,2.50,0.00,5.00,25.00,7.00,59.17,,
1.39,2.58,450.00,37.74,36.72,13.65,0.35,14.00,2.50,0.00,5.00,25.00,7.00,41.32,,
1.39,2.58,450.00,43.07,32.74,12.35,0.35,14.00,2.50,0.00,5.00,25.00,7.00,39.71,,
1.39,2.58,450.00,48.41,28.77,11.04,0.35,14.00,2.50,0.00,5.00,25.00,7.00,35.33,,
1.39,2.58,450.00,53.74,24.79,9.73,0.35,14.00,2.50,0.00,5.00,25.00,7.00,33.45,,
1.39,2.58,450.00,59.08,20.81,8.43,0.35,14.00,2.50,0.00,5.00,25.00,7.00,32.51,,
1.39,2.58,450.00,64.42,16.83,7.12,0.35,14.00,2.50,0.00,5.00,25.00,7.00,31.88,,
1.74,3.10,380.00,63.30,2.50,26.80,0.45,8.00,2.50,0.00,1.00,25.00,28.00,29.67,,
1.74,3.10,380.00,60.48,5.71,25.37,0.45,8.00,2.50,0.00,1.00,25.00,28.00,35.06,,
1.74,3.10,380.00,57.65,8.93,23.94,0.45,8.00,2.50,0.00,1.00,25.00,28.00,39.37,,
1.74,3.10,380.00,54.83,12.14,22.51,0.45,8.00,2.50,0.00,1.00,25.00,28.00,42.62,,
1.64,3.05,394.00,37.73,37.34,14.42,0.40,8.00,2.51,14.97,0.00,25.00,7.00,13.60,,
1.64,3.05,394.00,39.16,33.66,17.18,0.40,8.00,2.51,14.97,0.00,25.00,7.00,9.50,,
1.64,3.05,394.00,42.90,28.12,17.24,0.40,8.00,2.51,14.97,0.00,25.00,7.00,8.20,,
1.64,3.05,394.00,37.73,37.34,14.42,0.40,8.00,2.51,14.97,0.00,25.00,21.00,38.70,,
1.64,3.05,394.00,39.16,33.66,17.18,0.40,8.00,2.51,14.97,0.00,25.00,21.00,13.60,,
1.64,3.05,394.00,42.90,28.12,17.24,0.40,8.00,2.51,14.97,0.00,25.00,21.00,11.50,,
1.64,3.05,394.00,37.73,37.34,14.42,0.40,8.00,2.51,14.97,0.00,25.00,28.00,39.40,,
1.64,3.05,394.00,39.16,33.66,17.18,0.40,8.00,2.51,14.97,0.00,25.00,28.00,24.70,,
1.64,3.05,394.00,42.90,28.12,17.24,0.40,8.00,2.51,14.97,0.00,25.00,28.00,18.60,,
1.64,3.05,394.00,37.73,37.34,14.42,0.40,10.00,2.51,14.97,0.00,25.00,7.00,16.10,,
1.64,3.05,394.00,39.16,33.66,17.18,0.40,10.00,2.51,14.97,0.00,25.00,7.00,10.40,,
1.64,3.05,394.00,42.90,28.12,17.24,0.40,10.00,2.51,14.97,0.00,25.00,7.00,9.70,,
1.64,3.05,394.00,37.73,37.34,14.42,0.40,10.00,2.51,14.97,0.00,25.00,21.00,41.20,,
1.64,3.05,394.00,39.16,33.66,17.18,0.40,10.00,2.51,14.97,0.00,25.00,21.00,24.90,,
1.64,3.05,394.00,42.90,28.12,17.24,0.40,10.00,2.51,14.97,0.00,25.00,21.00,15.70,,
1.64,3.05,394.00,37.73,37.34,14.42,0.40,10.00,2.51,14.97,0.00,25.00,28.00,42.90,,
1.64,3.05,394.00,39.16,33.66,17.18,0.40,10.00,2.51,14.97,0.00,25.00,28.00,32.80,,
1.64,3.05,394.00,42.90,28.12,17.24,0.40,10.00,2.51,14.97,0.00,25.00,28.00,33.80,,
1.81,3.28,400.00,50.64,2.51,26.42,0.33,10.00,2.51,0.00,2.30,25.00,7.00,17.86,,
1.81,3.28,400.00,44.44,6.01,21.58,0.33,10.00,2.51,0.00,2.30,25.00,7.00,22.60,,
1.81,3.28,400.00,38.23,9.50,16.73,0.33,10.00,2.51,0.00,2.30,25.00,7.00,34.78,,
1.81,3.28,400.00,50.64,2.51,26.42,0.33,10.00,2.51,0.00,2.30,25.00,28.00,25.67,,
1.81,3.28,400.00,44.44,6.01,21.58,0.33,10.00,2.51,0.00,2.30,25.00,28.00,30.23,,
1.81,3.28,400.00,38.23,9.50,16.73,0.33,10.00,2.51,0.00,2.30,25.00,28.00,46.25,,
1.69,3.13,405.00,42.98,18.38,21.22,0.40,8.00,1.00,5.00,1.00,25.00,7.00,3.42,,
1.69,3.13,405.00,42.98,18.38,21.22,0.40,10.00,1.00,5.00,1.00,25.00,7.00,4.34,,
1.69,3.13,405.00,42.98,18.38,21.22,0.40,12.00,1.00,5.00,1.00,25.00,7.00,5.69,,
1.69,3.13,405.00,42.98,18.38,21.22,0.40,14.00,1.00,5.00,1.00,25.00,7.00,10.96,,
1.69,3.13,405.00,42.98,18.38,21.22,0.40,16.00,1.00,5.00,1.00,25.00,7.00,11.92,,
1.69,3.13,405.00,42.98,18.38,21.22,0.40,14.00,0.50,5.00,1.00,25.00,7.00,7.89,,
1.69,3.13,405.00,42.98,18.38,21.22,0.40,14.00,1.50,5.00,1.00,25.00,7.00,12.79,,
1.69,3.13,405.00,42.98,18.38,21.22,0.40,14.00,2.00,5.00,1.00,25.00,7.00,12.99,,
1.69,3.13,405.00,42.98,18.38,21.22,0.40,14.00,2.50,5.00,1.00,25.00,7.00,13.47,,
1.69,3.13,405.00,42.98,18.38,21.22,0.40,14.00,3.00,5.00,1.00,25.00,7.00,12.31,,
1.69,3.13,405.00,42.98,18.38,21.22,0.40,8.00,1.00,5.00,1.00,25.00,14.00,5.43,,
1.69,3.13,405.00,42.98,18.38,21.22,0.40,10.00,1.00,5.00,1.00,25.00,14.00,8.95,,
1.69,3.13,405.00,42.98,18.38,21.22,0.40,12.00,1.00,5.00,1.00,25.00,14.00,13.40,,
1.69,3.13,405.00,42.98,18.38,21.22,0.40,14.00,1.00,5.00,1.00,25.00,14.00,17.64,,
1.69,3.13,405.00,42.98,18.38,21.22,0.40,16.00,1.00,5.00,1.00,25.00,14.00,20.31,,
1.69,3.13,405.00,42.98,18.38,21.22,0.40,14.00,0.50,5.00,1.00,25.00,14.00,14.98,,
1.69,3.13,405.00,42.98,18.38,21.22,0.40,14.00,1.50,5.00,1.00,25.00,14.00,19.16,,
1.69,3.13,405.00,42.98,18.38,21.22,0.40,14.00,2.00,5.00,1.00,25.00,14.00,19.59,,
1.69,3.13,405.00,42.98,18.38,21.22,0.40,14.00,2.50,5.00,1.00,25.00,14.00,20.14,,
1.69,3.13,405.00,42.98,18.38,21.22,0.40,14.00,3.00,5.00,1.00,25.00,14.00,18.36,,
1.69,3.13,405.00,42.98,18.38,21.22,0.40,8.00,1.00,5.00,1.00,25.00,28.00,9.45,,
1.69,3.13,405.00,42.98,18.38,21.22,0.40,10.00,1.00,5.00,1.00,25.00,28.00,12.31,,
1.69,3.13,405.00,42.98,18.38,21.22,0.40,12.00,1.00,5.00,1.00,25.00,28.00,18.41,,
1.69,3.13,405.00,42.98,18.38,21.22,0.40,14.00,1.00,5.00,1.00,25.00,28.00,22.33,,
1.69,3.13,405.00,42.98,18.38,21.22,0.40,16.00,1.00,5.00,1.00,25.00,28.00,24.34,,
1.69,3.13,405.00,42.98,18.38,21.22,0.40,14.00,0.50,5.00,1.00,25.00,28.00,19.27,,
1.69,3.13,405.00,42.98,18.38,21.22,0.40,14.00,1.50,5.00,1.00,25.00,28.00,23.47,,
1.69,3.13,405.00,42.98,18.38,21.22,0.40,14.00,2.00,5.00,1.00,25.00,28.00,23.96,,
1.69,3.13,405.00,42.98,18.38,21.22,0.40,14.00,2.50,5.00,1.00,25.00,28.00,24.75,,
1.69,3.13,405.00,42.98,18.38,21.22,0.40,14.00,3.00,5.00,1.00,25.00,28.00,21.97,,
1.69,3.13,405.00,45.80,13.70,21.40,0.40,13.00,1.00,20.00,0.00,25.00,7.00,9.30,,
1.69,3.13,405.00,42.98,18.38,21.22,0.40,13.00,1.00,20.00,0.00,25.00,7.00,15.40,,
1.69,3.13,405.00,40.16,23.07,21.03,0.40,13.00,1.00,20.00,0.00,25.00,7.00,13.59,,
1.69,3.13,405.00,37.34,27.75,20.85,0.40,13.00,1.00,20.00,0.00,25.00,7.00,12.08,,
1.69,3.13,405.00,45.80,13.70,21.40,0.40,13.00,1.00,20.00,0.00,25.00,14.00,12.79,,
1.69,3.13,405.00,42.98,18.38,21.22,0.40,13.00,1.00,20.00,0.00,25.00,14.00,18.91,,
1.69,3.13,405.00,40.16,23.07,21.03,0.40,13.00,1.00,20.00,0.00,25.00,14.00,16.10,,
1.69,3.13,405.00,37.34,27.75,20.85,0.40,13.00,1.00,20.00,0.00,25.00,14.00,14.77,,
1.69,3.13,405.00,45.80,13.70,21.40,0.40,13.00,1.00,20.00,0.00,25.00,28.00,15.99,,
1.69,3.13,405.00,42.98,18.38,21.22,0.40,13.00,1.00,20.00,0.00,25.00,28.00,22.11,,
1.69,3.13,405.00,40.16,23.07,21.03,0.40,13.00,1.00,20.00,0.00,25.00,28.00,19.80,,
1.69,3.13,405.00,37.34,27.75,20.85,0.40,13.00,1.00,20.00,0.00,25.00,28.00,17.36,,
1.69,3.13,405.00,45.80,13.70,21.40,0.40,13.00,1.00,20.00,0.00,25.00,56.00,18.20,,
1.69,3.13,405.00,42.98,18.38,21.22,0.40,13.00,1.00,20.00,0.00,25.00,56.00,24.30,,
1.69,3.13,405.00,40.16,23.07,21.03,0.40,13.00,1.00,20.00,0.00,25.00,56.00,21.79,,
1.69,3.13,405.00,37.34,27.75,20.85,0.40,13.00,1.00,20.00,0.00,25.00,56.00,20.28,,
1.50,3.00,406.78,53.03,11.24,22.49,0.40,8.00,2.50,0.00,0.00,25.00,28.00,51.00,,
1.50,3.00,406.77,50.44,15.42,21.20,0.40,8.00,2.50,0.00,0.00,25.00,28.00,56.00,,
1.27,2.97,400.00,62.55,3.27,29.02,0.45,8.00,2.50,7.00,2.00,27.00,3.00,22.15,,
1.27,2.95,400.00,61.19,4.87,28.89,0.45,8.00,2.50,8.00,2.00,27.00,3.00,26.40,,
1.26,2.95,400.00,59.83,6.46,28.76,0.45,8.00,2.50,9.00,2.00,27.00,3.00,34.46,,
1.27,2.97,400.00,62.55,3.27,29.02,0.45,8.00,2.50,7.00,2.00,27.00,7.00,22.85,,
1.27,2.95,400.00,61.19,4.87,28.89,0.45,8.00,2.50,8.00,2.00,27.00,7.00,27.96,,
1.26,2.95,400.00,59.83,6.46,28.76,0.45,8.00,2.50,9.00,2.00,27.00,7.00,36.83,,
1.27,2.97,400.00,62.55,3.27,29.02,0.45,8.00,2.50,7.00,2.00,27.00,28.00,25.38,,
1.27,2.95,400.00,61.19,4.87,28.89,0.45,8.00,2.50,8.00,2.00,27.00,28.00,32.20,,
1.26,2.95,400.00,59.83,6.46,28.76,0.45,8.00,2.50,9.00,2.00,27.00,28.00,41.77,,
1.27,2.97,400.00,62.55,3.27,29.02,0.45,8.00,2.50,7.00,2.00,27.00,90.00,25.75,,
1.27,2.95,400.00,61.19,4.87,28.89,0.45,8.00,2.50,8.00,2.00,27.00,90.00,32.47,,
1.26,2.95,400.00,59.83,6.46,28.76,0.45,8.00,2.50,9.00,2.00,27.00,90.00,42.37,,
1.46,2.92,417.44,49.62,9.09,25.38,0.39,7.00,2.49,51.50,0.00,25.00,7.00,17.63,,
1.46,2.92,417.44,47.10,13.43,23.90,0.39,7.00,2.49,51.50,0.00,25.00,7.00,20.91,,
1.46,2.92,417.44,44.58,17.75,22.42,0.39,7.00,2.49,51.50,0.00,25.00,7.00,24.18,,
1.46,2.92,417.44,49.62,9.09,25.38,0.39,7.00,2.49,51.50,0.00,25.00,28.00,32.54,,
1.46,2.92,417.44,47.10,13.43,23.90,0.39,7.00,2.49,51.50,0.00,25.00,28.00,34.47,,
1.46,2.92,417.44,44.58,17.75,22.42,0.39,7.00,2.49,51.50,0.00,25.00,28.00,39.32,,
1.46,2.92,417.44,49.62,9.09,25.38,0.39,7.00,2.49,51.50,0.00,25.00,56.00,45.31,,
1.46,2.92,417.44,47.10,13.43,23.90,0.39,7.00,2.49,51.50,0.00,25.00,56.00,43.45,,
1.46,2.92,417.44,44.58,17.75,22.42,0.39,7.00,2.49,51.50,0.00,25.00,56.00,47.43,,
1.58,1.81,500.00,35.59,34.07,11.01,0.50,12.00,3.00,0.00,3.00,28.50,7.00,26.97,,
1.57,1.81,502.00,35.85,33.93,10.97,0.50,12.00,3.00,0.00,2.99,28.50,7.00,28.83,,
1.57,1.80,504.00,36.10,33.80,10.92,0.50,12.00,3.00,0.00,2.98,28.50,7.00,33.48,,
1.56,1.79,506.00,36.35,33.67,10.88,0.49,12.00,3.00,0.00,2.96,28.50,7.00,31.62,,
1.56,1.79,508.00,36.60,33.53,10.84,0.49,12.00,3.00,0.00,2.95,28.50,7.00,29.76,,
1.57,1.81,502.00,35.63,33.93,11.11,0.50,12.00,3.00,0.00,2.99,28.50,7.00,27.90,,
1.57,1.80,504.00,35.67,33.80,11.22,0.50,12.00,3.00,0.00,2.98,28.50,7.00,28.83,,
1.56,1.79,506.00,35.71,33.67,11.32,0.49,12.00,3.00,0.00,2.96,28.50,7.00,30.69,,
1.56,1.79,508.00,35.75,33.53,11.42,0.49,12.00,3.00,0.00,2.95,28.50,7.00,29.76,,
1.58,1.81,500.00,35.59,34.07,11.01,0.50,12.00,3.00,0.00,3.00,28.50,28.00,35.34,,
1.57,1.81,502.00,35.85,33.93,10.97,0.50,12.00,3.00,0.00,2.99,28.50,28.00,39.06,,
1.57,1.80,504.00,36.10,33.80,10.92,0.50,12.00,3.00,0.00,2.98,28.50,28.00,45.12,,
1.56,1.79,506.00,36.35,33.67,10.88,0.49,12.00,3.00,0.00,2.96,28.50,28.00,42.30,,
1.56,1.79,508.00,36.60,33.53,10.84,0.49,12.00,3.00,0.00,2.95,28.50,28.00,40.42,,
1.57,1.81,502.00,35.63,33.93,11.11,0.50,12.00,3.00,0.00,2.99,28.50,28.00,37.20,,
1.57,1.80,504.00,35.67,33.80,11.22,0.50,12.00,3.00,0.00,2.98,28.50,28.00,39.06,,
1.56,1.79,506.00,35.71,33.67,11.32,0.49,12.00,3.00,0.00,2.96,28.50,28.00,42.30,,
1.56,1.79,508.00,35.75,33.53,11.42,0.49,12.00,3.00,0.00,2.95,28.50,28.00,40.42,,
2.21,2.21,400.00,36.74,43.34,10.78,0.40,16.00,2.02,14.00,3.00,25.00,7.00,57.90,,
2.20,2.20,400.00,39.30,39.06,12.51,0.40,16.00,2.02,14.00,3.00,25.00,7.00,47.94,,
2.18,2.18,400.00,41.85,34.77,14.24,0.40,16.00,2.02,14.00,3.00,25.00,7.00,44.18,,
2.17,2.17,400.00,44.41,30.49,15.98,0.40,16.00,2.02,14.00,3.00,25.00,7.00,46.06,,
2.15,2.15,400.00,46.96,26.20,17.71,0.40,16.00,2.02,14.00,3.00,25.00,7.00,44.18,,
2.15,2.15,400.00,36.74,43.34,10.78,0.40,16.00,2.02,20.00,3.00,25.00,7.00,43.52,,
2.10,2.10,400.00,44.41,30.49,15.98,0.40,16.00,2.02,20.00,3.00,25.00,7.00,26.60,,
2.09,2.09,400.00,46.96,26.20,17.71,0.40,16.00,2.02,20.00,3.00,25.00,7.00,16.37,,
2.17,2.17,400.00,45.82,30.55,14.62,0.40,16.00,2.02,14.00,3.00,25.00,7.00,39.06,,
2.15,2.15,400.00,49.78,26.33,14.99,0.40,16.00,2.02,14.00,3.00,25.00,7.00,31.16,,
2.32,2.32,400.00,36.74,43.34,10.78,0.40,16.00,2.02,7.50,3.00,25.00,7.00,54.52,,
2.32,2.32,400.00,36.74,43.34,10.78,0.40,18.00,2.02,7.50,3.00,25.00,7.00,63.54,,
2.21,2.21,400.00,36.74,43.34,10.78,0.40,18.00,2.02,14.00,3.00,25.00,7.00,61.10,,
2.21,2.21,400.00,36.74,43.34,10.78,0.40,10.00,2.02,14.00,3.00,25.00,7.00,51.32,,
2.23,2.23,400.00,36.74,43.34,10.78,0.40,16.00,2.02,11.00,3.00,25.00,7.00,65.80,,
2.21,2.21,400.00,36.74,43.34,10.78,0.40,16.00,2.02,14.00,3.00,25.00,28.00,61.01,,
2.20,2.20,400.00,39.30,39.06,12.51,0.40,16.00,2.02,14.00,3.00,25.00,28.00,54.52,,
2.18,2.18,400.00,41.85,34.77,14.24,0.40,16.00,2.02,14.00,3.00,25.00,28.00,53.58,,
2.17,2.17,400.00,44.41,30.49,15.98,0.40,16.00,2.02,14.00,3.00,25.00,28.00,52.64,,
2.15,2.15,400.00,46.96,26.20,17.71,0.40,16.00,2.02,14.00,3.00,25.00,28.00,49.82,,
2.15,2.15,400.00,36.74,43.34,10.78,0.40,16.00,2.02,20.00,3.00,25.00,28.00,44.09,,
2.10,2.10,400.00,44.41,30.49,15.98,0.40,16.00,2.02,20.00,3.00,25.00,28.00,31.53,,
2.09,2.09,400.00,46.96,26.20,17.71,0.40,16.00,2.02,20.00,3.00,25.00,28.00,29.57,,
2.17,2.17,400.00,45.82,30.55,14.62,0.40,16.00,2.02,14.00,3.00,25.00,28.00,50.48,,
2.15,2.15,400.00,49.78,26.33,14.99,0.40,16.00,2.02,14.00,3.00,25.00,28.00,45.59,,
2.32,2.32,400.00,36.74,43.34,10.78,0.40,16.00,2.02,7.50,3.00,25.00,28.00,59.22,,
2.32,2.32,400.00,36.74,43.34,10.78,0.40,18.00,2.02,7.50,3.00,25.00,28.00,64.86,,
2.21,2.21,400.00,36.74,43.34,10.78,0.40,18.00,2.02,14.00,3.00,25.00,28.00,62.98,,
2.21,2.21,400.00,36.74,43.34,10.78,0.40,10.00,2.02,14.00,3.00,25.00,28.00,55.55,,
2.23,2.23,400.00,36.74,43.34,10.78,0.40,16.00,2.02,11.00,3.00,25.00,28.00,70.31,,
2.22,2.22,400.00,39.30,39.06,12.51,0.40,16.00,2.02,11.00,3.00,25.00,28.00,63.92,,
1.84,3.43,350.00,51.19,5.57,24.00,0.41,8.00,2.51,10.00,3.00,25.00,3.00,8.84,,
1.84,3.43,350.00,52.24,5.43,23.29,0.41,8.00,2.51,10.00,3.00,25.00,3.00,8.37,,
1.84,3.43,350.00,52.94,5.34,22.81,0.41,8.00,2.51,10.00,3.00,25.00,3.00,9.09,,
1.84,3.43,350.00,53.63,5.25,22.33,0.41,8.00,2.51,10.00,3.00,25.00,3.00,7.95,,
1.84,3.43,350.00,51.19,5.57,24.00,0.41,8.00,2.51,10.00,3.00,25.00,7.00,13.12,,
1.84,3.43,350.00,52.24,5.43,23.29,0.41,8.00,2.51,10.00,3.00,25.00,7.00,11.07,,
1.84,3.43,350.00,52.94,5.34,22.81,0.41,8.00,2.51,10.00,3.00,25.00,7.00,14.78,,
1.84,3.43,350.00,53.63,5.25,22.33,0.41,8.00,2.51,10.00,3.00,25.00,7.00,10.23,,
1.84,3.43,350.00,51.19,5.57,24.00,0.41,8.00,2.51,10.00,3.00,25.00,28.00,18.35,,
1.84,3.43,350.00,52.24,5.43,23.29,0.41,8.00,2.51,10.00,3.00,25.00,28.00,16.67,,
1.84,3.43,350.00,52.94,5.34,22.81,0.41,8.00,2.51,10.00,3.00,25.00,28.00,22.39,,
1.84,3.43,350.00,53.63,5.25,22.33,0.41,8.00,2.51,10.00,3.00,25.00,28.00,15.58,,
1.84,3.43,350.00,51.19,5.57,24.00,0.41,8.00,2.51,10.00,3.00,25.00,56.00,20.39,,
1.84,3.43,350.00,52.24,5.43,23.29,0.41,8.00,2.51,10.00,3.00,25.00,56.00,17.85,,
1.84,3.43,350.00,52.94,5.34,22.81,0.41,8.00,2.51,10.00,3.00,25.00,56.00,25.11,,
1.84,3.43,350.00,53.63,5.25,22.33,0.41,8.00,2.51,10.00,3.00,25.00,56.00,15.84,,
1.60,3.15,388.00,59.39,5.97,22.13,0.49,12.00,2.60,3.43,0.00,23.00,28.00,45.87,,
1.63,3.02,400.00,53.71,1.90,27.20,0.40,14.00,2.50,0.00,0.00,20.50,28.00,28.16,,
1.63,3.02,400.00,51.34,6.26,25.71,0.40,14.00,2.50,0.00,0.00,20.50,28.00,42.13,,
1.63,3.02,400.00,50.15,8.43,24.96,0.40,14.00,2.50,0.00,0.00,20.50,28.00,45.67,,
1.64,3.05,400.00,53.71,1.90,27.20,0.35,14.00,2.50,0.00,1.50,20.50,28.00,35.75,,
1.64,3.05,400.00,51.34,6.26,25.71,0.35,14.00,2.50,1.50,1.50,20.50,28.00,36.63,,
1.63,3.02,400.00,53.71,1.90,27.20,0.40,14.00,2.50,0.00,0.00,20.50,90.00,36.74,,
1.63,3.02,400.00,51.34,6.26,25.71,0.40,14.00,2.50,0.00,0.00,20.50,90.00,44.59,,
1.63,3.02,400.00,50.15,8.43,24.96,0.40,14.00,2.50,0.00,0.00,20.50,90.00,52.23,,
1.64,3.05,400.00,53.71,1.90,27.20,0.35,14.00,2.50,0.00,1.50,20.50,90.00,45.21,,
1.64,3.05,400.00,51.34,6.26,25.71,0.35,14.00,2.50,1.50,1.50,20.50,90.00,42.14,,
2.15,2.15,400.00,32.29,42.45,16.25,0.28,19.00,0.33,39.00,0.00,25.00,7.00,18.43,,
2.11,2.11,400.00,32.29,42.45,16.25,0.38,19.00,1.00,36.00,0.00,25.00,7.00,32.37,,
2.08,2.08,400.00,32.29,42.45,16.25,0.47,19.00,1.76,33.00,0.00,25.00,7.00,45.51,,
2.09,2.09,400.00,34.13,38.47,19.09,0.40,19.00,1.00,35.00,0.00,25.00,7.00,46.40,,
2.04,2.04,400.00,34.13,38.47,19.09,0.52,19.00,1.89,31.00,0.00,25.00,7.00,60.62,,
2.01,2.01,400.00,34.13,38.47,19.09,0.63,19.00,2.94,28.00,0.00,25.00,7.00,47.52,,
2.02,2.02,400.00,35.98,34.50,21.93,0.53,19.00,1.69,31.00,0.00,25.00,7.00,0.00,,
1.98,1.98,400.00,35.98,34.50,21.93,0.65,19.00,2.82,27.00,0.00,25.00,7.00,45.51,,
1.92,1.92,400.00,35.98,34.50,21.93,0.79,19.00,4.27,22.00,0.00,25.00,7.00,45.20,,
2.15,2.15,400.00,32.29,42.45,16.25,0.28,19.00,0.33,39.00,0.00,25.00,28.00,25.14,,
2.11,2.11,400.00,32.29,42.45,16.25,0.38,19.00,1.00,36.00,0.00,25.00,28.00,39.61,,
2.08,2.08,400.00,32.29,42.45,16.25,0.47,19.00,1.76,33.00,0.00,25.00,28.00,63.77,,
2.09,2.09,400.00,34.13,38.47,19.09,0.40,19.00,1.00,35.00,0.00,25.00,28.00,49.76,,
2.04,2.04,400.00,34.13,38.47,19.09,0.52,19.00,1.89,31.00,0.00,25.00,28.00,71.48,,
2.01,2.01,400.00,34.13,38.47,19.09,0.63,19.00,2.94,28.00,0.00,25.00,28.00,70.07,,
2.02,2.02,400.00,35.98,34.50,21.93,0.53,19.00,1.69,31.00,0.00,25.00,28.00,51.32,,
1.98,1.98,400.00,35.98,34.50,21.93,0.65,19.00,2.82,27.00,0.00,25.00,28.00,61.12,,
1.92,1.92,400.00,35.98,34.50,21.93,0.79,19.00,4.27,22.00,0.00,25.00,28.00,57.44,,
1.84,3.43,350.00,51.70,8.84,29.10,0.41,8.00,2.51,10.00,0.00,35.00,3.00,8.13,,
1.84,3.43,350.00,52.83,8.60,28.24,0.41,8.00,2.51,10.00,0.00,35.00,3.00,9.82,,
1.84,3.43,350.00,54.33,8.27,27.09,0.41,8.00,2.51,10.00,0.00,35.00,3.00,9.38,,
1.84,3.43,350.00,51.70,8.84,29.10,0.41,8.00,2.51,10.00,0.00,35.00,7.00,15.68,,
1.84,3.43,350.00,52.83,8.60,28.24,0.41,8.00,2.51,10.00,0.00,35.00,7.00,13.35,,
1.84,3.43,350.00,54.33,8.27,27.09,0.41,8.00,2.51,10.00,0.00,35.00,7.00,12.21,,
1.84,3.43,350.00,51.70,8.84,29.10,0.41,8.00,2.51,10.00,0.00,35.00,28.00,21.77,,
1.84,3.43,350.00,52.83,8.60,28.24,0.41,8.00,2.51,10.00,0.00,35.00,28.00,19.75,,
1.84,3.43,350.00,54.33,8.27,27.09,0.41,8.00,2.51,10.00,0.00,35.00,28.00,18.67,,
1.84,3.43,350.00,51.70,8.84,29.10,0.41,8.00,2.51,10.00,0.00,35.00,56.00,23.90,,
1.84,3.43,350.00,52.83,8.60,28.24,0.41,8.00,2.51,10.00,0.00,35.00,56.00,21.02,,
1.84,3.43,350.00,54.33,8.27,27.09,0.41,8.00,2.51,10.00,0.00,35.00,56.00,18.67,,
1.82,2.80,397.00,43.32,10.49,20.27,0.43,10.00,1.21,11.84,0.00,20.00,1.00,6.56,,
1.87,2.88,386.00,43.31,10.51,20.27,0.43,10.00,1.21,14.25,0.00,20.00,1.00,4.97,,
1.92,2.95,376.00,43.31,10.51,20.27,0.43,10.00,1.22,16.49,0.00,20.00,1.00,5.24,,
1.96,3.03,367.00,43.32,10.49,20.27,0.43,10.00,1.21,18.80,0.00,20.00,1.00,3.35,,
2.04,3.15,364.00,43.29,10.56,20.26,0.43,10.00,1.21,14.01,0.00,20.00,1.00,6.05,,
2.10,3.23,354.00,43.29,10.56,20.26,0.43,10.00,1.22,16.38,0.00,20.00,1.00,4.21,,
2.15,3.32,345.00,43.30,10.54,20.26,0.43,10.00,1.21,18.55,0.00,20.00,1.00,3.99,,
2.09,3.21,361.00,43.31,10.51,20.27,0.43,10.00,1.21,11.91,0.00,20.00,1.00,6.06,,
2.15,3.30,351.00,43.31,10.51,20.27,0.43,10.00,1.22,14.25,0.00,20.00,1.00,5.55,,
2.20,3.39,342.00,43.32,10.49,20.28,0.43,10.00,1.23,16.37,0.00,20.00,1.00,4.55,,
2.25,3.47,334.00,43.29,10.56,20.26,0.43,10.00,1.23,18.56,0.00,20.00,1.00,3.53,,
1.82,2.80,397.00,43.32,10.49,20.27,0.43,10.00,1.21,11.84,0.00,20.00,7.00,21.78,,
1.87,2.88,386.00,43.31,10.51,20.27,0.43,10.00,1.21,14.25,0.00,20.00,7.00,21.53,,
1.92,2.95,376.00,43.31,10.51,20.27,0.43,10.00,1.22,16.49,0.00,20.00,7.00,19.64,,
1.96,3.03,367.00,43.32,10.49,20.27,0.43,10.00,1.21,18.80,0.00,20.00,7.00,16.55,,
2.04,3.15,364.00,43.29,10.56,20.26,0.43,10.00,1.21,14.01,0.00,20.00,7.00,22.61,,
2.10,3.23,354.00,43.29,10.56,20.26,0.43,10.00,1.22,16.38,0.00,20.00,7.00,19.77,,
2.15,3.32,345.00,43.30,10.54,20.26,0.43,10.00,1.21,18.55,0.00,20.00,7.00,16.48,,
2.09,3.21,361.00,43.31,10.51,20.27,0.43,10.00,1.21,11.91,0.00,20.00,7.00,20.64,,
2.15,3.30,351.00,43.31,10.51,20.27,0.43,10.00,1.22,14.25,0.00,20.00,7.00,20.93,,
2.20,3.39,342.00,43.32,10.49,20.28,0.43,10.00,1.23,16.37,0.00,20.00,7.00,20.35,,
2.25,3.47,334.00,43.29,10.56,20.26,0.43,10.00,1.23,18.56,0.00,20.00,7.00,16.67,,
1.82,2.80,397.00,43.32,10.49,20.27,0.43,10.00,1.21,11.84,0.00,20.00,28.00,35.81,,
1.87,2.88,386.00,43.31,10.51,20.27,0.43,10.00,1.21,14.25,0.00,20.00,28.00,34.89,,
1.92,2.95,376.00,43.31,10.51,20.27,0.43,10.00,1.22,16.49,0.00,20.00,28.00,34.42,,
1.96,3.03,367.00,43.32,10.49,20.27,0.43,10.00,1.21,18.80,0.00,20.00,28.00,28.35,,
2.04,3.15,364.00,43.29,10.56,20.26,0.43,10.00,1.21,14.01,0.00,20.00,28.00,38.17,,
2.10,3.23,354.00,43.29,10.56,20.26,0.43,10.00,1.22,16.38,0.00,20.00,28.00,32.96,,
2.15,3.32,345.00,43.30,10.54,20.26,0.43,10.00,1.21,18.55,0.00,20.00,28.00,27.83,,
2.09,3.21,361.00,43.31,10.51,20.27,0.43,10.00,1.21,11.91,0.00,20.00,28.00,34.56,,
2.15,3.30,351.00,43.31,10.51,20.27,0.43,10.00,1.22,14.25,0.00,20.00,28.00,35.42,,
2.20,3.39,342.00,43.32,10.49,20.28,0.43,10.00,1.23,16.37,0.00,20.00,28.00,31.82,,
2.25,3.47,334.00,43.29,10.56,20.26,0.43,10.00,1.23,18.56,0.00,20.00,28.00,30.23,,
1.81,2.79,398.00,39.83,18.81,18.01,0.43,10.00,1.22,13.07,0.00,20.00,1.00,11.83,,
1.88,2.90,383.00,39.83,18.81,18.01,0.43,10.00,1.22,16.45,0.00,20.00,1.00,7.50,,
1.91,2.94,378.00,39.83,18.81,18.01,0.43,10.00,1.22,17.46,0.00,20.00,1.00,8.30,,
1.99,3.06,363.00,39.83,18.81,18.01,0.43,10.00,1.23,20.94,0.00,20.00,1.00,11.09,,
2.03,3.14,365.00,39.82,18.83,18.00,0.43,10.00,1.23,15.34,0.00,20.00,1.00,9.83,,
2.06,3.18,360.00,39.82,18.83,18.00,0.43,10.00,1.23,16.39,0.00,20.00,1.00,8.66,,
2.09,3.23,355.00,39.82,18.83,18.00,0.43,10.00,1.22,17.46,0.00,20.00,1.00,9.02,,
2.16,3.33,348.00,39.83,18.81,18.01,0.43,10.00,1.22,16.38,0.00,20.00,1.00,11.65,,
2.22,3.42,339.00,39.80,18.88,17.99,0.43,10.00,1.23,18.58,0.00,20.00,1.00,8.56,,
2.28,3.52,330.00,39.82,18.83,18.00,0.43,10.00,1.22,20.91,0.00,20.00,1.00,1.18,,
1.81,2.79,398.00,39.83,18.81,18.01,0.43,10.00,1.22,13.07,0.00,20.00,7.00,37.55,,
1.88,2.90,383.00,39.83,18.81,18.01,0.43,10.00,1.22,16.45,0.00,20.00,7.00,34.54,,
1.91,2.94,378.00,39.83,18.81,18.01,0.43,10.00,1.22,17.46,0.00,20.00,7.00,35.79,,
1.99,3.06,363.00,39.83,18.81,18.01,0.43,10.00,1.23,20.94,0.00,20.00,7.00,30.94,,
2.03,3.14,365.00,39.82,18.83,18.00,0.43,10.00,1.23,15.34,0.00,20.00,7.00,38.21,,
2.06,3.18,360.00,39.82,18.83,18.00,0.43,10.00,1.23,16.39,0.00,20.00,7.00,38.79,,
2.09,3.23,355.00,39.82,18.83,18.00,0.43,10.00,1.22,17.46,0.00,20.00,7.00,34.87,,
2.16,3.33,348.00,39.83,18.81,18.01,0.43,10.00,1.22,16.38,0.00,20.00,7.00,36.95,,
2.22,3.42,339.00,39.80,18.88,17.99,0.43,10.00,1.23,18.58,0.00,20.00,7.00,34.51,,
2.28,3.52,330.00,39.82,18.83,18.00,0.43,10.00,1.22,20.91,0.00,20.00,7.00,20.65,,
1.81,2.79,398.00,39.83,18.81,18.01,0.43,10.00,1.22,13.07,0.00,20.00,28.00,56.75,,
1.88,2.90,383.00,39.83,18.81,18.01,0.43,10.00,1.22,16.45,0.00,20.00,28.00,54.89,,
1.91,2.94,378.00,39.83,18.81,18.01,0.43,10.00,1.22,17.46,0.00,20.00,28.00,56.97,,
1.99,3.06,363.00,39.83,18.81,18.01,0.43,10.00,1.23,20.94,0.00,20.00,28.00,47.84,,
2.03,3.14,365.00,39.82,18.83,18.00,0.43,10.00,1.23,15.34,0.00,20.00,28.00,54.51,,
2.06,3.18,360.00,39.82,18.83,18.00,0.43,10.00,1.23,16.39,0.00,20.00,28.00,52.30,,
2.09,3.23,355.00,39.82,18.83,18.00,0.43,10.00,1.22,17.46,0.00,20.00,28.00,52.67,,
2.16,3.33,348.00,39.83,18.81,18.01,0.43,10.00,1.22,16.38,0.00,20.00,28.00,52.85,,
2.22,3.42,339.00,39.80,18.88,17.99,0.43,10.00,1.23,18.58,0.00,20.00,28.00,51.80,,
2.28,3.52,330.00,39.82,18.83,18.00,0.43,10.00,1.22,20.91,0.00,20.00,28.00,33.03,,
1.91,2.95,377.00,34.60,31.29,14.61,0.43,10.00,1.22,19.89,0.00,20.00,1.00,28.95,,
2.01,3.09,359.00,34.61,31.24,14.63,0.43,10.00,1.22,24.23,0.00,20.00,1.00,19.30,,
2.06,3.17,350.00,34.60,31.28,14.62,0.43,10.00,1.21,26.57,0.00,20.00,1.00,26.53,,
2.10,3.23,354.00,34.59,31.30,14.61,0.43,10.00,1.22,19.77,0.00,20.00,1.00,30.00,,
2.20,3.40,337.00,34.59,31.29,14.61,0.43,10.00,1.22,24.33,0.00,20.00,1.00,17.74,,
2.26,3.48,329.00,34.62,31.24,14.63,0.43,10.00,1.22,26.44,0.00,20.00,1.00,25.80,,
2.20,3.38,343.00,34.61,31.26,14.62,0.43,10.00,1.23,19.83,0.00,20.00,1.00,32.10,,
2.31,3.56,326.00,34.61,31.25,14.62,0.43,10.00,1.22,24.23,0.00,20.00,1.00,20.42,,
2.37,3.65,318.00,34.58,31.33,14.60,0.43,10.00,1.23,26.73,0.00,20.00,1.00,13.38,,
1.91,2.95,377.00,34.60,31.29,14.61,0.43,10.00,1.22,19.89,0.00,20.00,7.00,59.18,,
2.01,3.09,359.00,34.61,31.24,14.63,0.43,10.00,1.22,24.23,0.00,20.00,7.00,54.68,,
2.06,3.17,350.00,34.60,31.28,14.62,0.43,10.00,1.21,26.57,0.00,20.00,7.00,49.21,,
2.10,3.23,354.00,34.59,31.30,14.61,0.43,10.00,1.22,19.77,0.00,20.00,7.00,54.34,,
2.20,3.40,337.00,34.59,31.29,14.61,0.43,10.00,1.22,24.33,0.00,20.00,7.00,52.22,,
2.26,3.48,329.00,34.62,31.24,14.63,0.43,10.00,1.22,26.44,0.00,20.00,7.00,51.87,,
2.20,3.38,343.00,34.61,31.26,14.62,0.43,10.00,1.23,19.83,0.00,20.00,7.00,55.61,,
2.31,3.56,326.00,34.61,31.25,14.62,0.43,10.00,1.22,24.23,0.00,20.00,7.00,53.31,,
2.37,3.65,318.00,34.58,31.33,14.60,0.43,10.00,1.23,26.73,0.00,20.00,7.00,48.27,,
1.91,2.95,377.00,34.60,31.29,14.61,0.43,10.00,1.22,19.89,0.00,20.00,28.00,72.41,,
2.01,3.09,359.00,34.61,31.24,14.63,0.43,10.00,1.22,24.23,0.00,20.00,28.00,66.80,,
2.06,3.17,350.00,34.60,31.28,14.62,0.43,10.00,1.21,26.57,0.00,20.00,28.00,61.18,,
2.10,3.23,354.00,34.59,31.30,14.61,0.43,10.00,1.22,19.77,0.00,20.00,28.00,67.52,,
2.20,3.40,337.00,34.59,31.29,14.61,0.43,10.00,1.22,24.33,0.00,20.00,28.00,65.33,,
2.26,3.48,329.00,34.62,31.24,14.63,0.43,10.00,1.22,26.44,0.00,20.00,28.00,65.25,,
2.20,3.38,343.00,34.61,31.26,14.62,0.43,10.00,1.23,19.83,0.00,20.00,28.00,68.77,,
2.31,3.56,326.00,34.61,31.25,14.62,0.43,10.00,1.22,24.23,0.00,20.00,28.00,64.24,,
2.37,3.65,318.00,34.58,31.33,14.60,0.43,10.00,1.23,26.73,0.00,20.00,28.00,58.99,,
1.64,3.05,394.00,31.25,33.75,14.06,0.40,8.00,2.51,14.97,1.52,25.00,3.00,44.67,,
1.64,3.05,394.00,37.46,30.46,12.72,0.40,8.00,2.51,14.97,1.52,25.00,3.00,42.38,,
1.64,3.05,394.00,43.82,27.09,11.35,0.40,8.00,2.51,14.97,1.52,25.00,3.00,12.89,,
1.64,3.05,394.00,50.03,23.81,10.02,0.40,8.00,2.51,14.97,1.52,25.00,3.00,9.41,,
1.64,3.05,394.00,31.25,33.75,14.06,0.40,8.00,2.51,14.97,1.52,25.00,7.00,47.16,,
1.64,3.05,394.00,37.46,30.46,12.72,0.40,8.00,2.51,14.97,1.52,25.00,7.00,44.25,,
1.64,3.05,394.00,43.82,27.09,11.35,0.40,8.00,2.51,14.97,1.52,25.00,7.00,14.73,,
1.64,3.05,394.00,50.03,23.81,10.02,0.40,8.00,2.51,14.97,1.52,25.00,7.00,11.33,,
1.64,3.05,394.00,31.25,33.75,14.06,0.40,8.00,2.51,14.97,1.52,25.00,28.00,52.79,,
1.64,3.05,394.00,37.46,30.46,12.72,0.40,8.00,2.51,14.97,1.52,25.00,28.00,48.44,,
1.64,3.05,394.00,43.82,27.09,11.35,0.40,8.00,2.51,14.97,1.52,25.00,28.00,18.67,,
1.64,3.05,394.00,50.03,23.81,10.02,0.40,8.00,2.51,14.97,1.52,25.00,28.00,15.11,,
1.35,3.16,409.00,48.11,17.74,22.12,0.35,10.00,2.49,13.45,0.00,25.00,7.00,40.00,,
1.35,3.16,409.00,39.34,26.13,19.17,0.35,10.00,2.49,13.45,0.00,25.00,7.00,44.40,,
1.35,3.16,409.00,30.61,34.48,16.24,0.35,10.00,2.49,13.45,0.00,25.00,7.00,52.40,,
1.35,3.16,409.00,48.11,17.74,22.12,0.35,10.00,2.49,13.45,0.00,25.00,14.00,46.50,,
1.35,3.16,409.00,39.34,26.13,19.17,0.35,10.00,2.49,13.45,0.00,25.00,14.00,48.20,,
1.35,3.16,409.00,30.61,34.48,16.24,0.35,10.00,2.49,13.45,0.00,25.00,14.00,56.20,,
1.35,3.16,409.00,48.11,17.74,22.12,0.35,10.00,2.49,13.45,0.00,25.00,28.00,53.50,,
1.35,3.16,409.00,39.34,26.13,19.17,0.35,10.00,2.49,13.45,0.00,25.00,28.00,55.50,,
1.35,3.16,409.00,30.61,34.48,16.24,0.35,10.00,2.49,13.45,0.00,25.00,28.00,58.60,,
1.35,3.16,409.00,48.11,17.74,22.12,0.35,10.00,2.49,13.45,0.00,25.00,56.00,63.00,,
1.35,3.16,409.00,39.34,26.13,19.17,0.35,10.00,2.49,13.45,0.00,25.00,56.00,74.00,,
1.35,3.16,409.00,30.61,34.48,16.24,0.35,10.00,2.49,13.45,0.00,25.00,56.00,83.00,,
1.38,3.23,395.00,51.83,16.09,20.97,0.46,8.00,2.48,0.00,2.00,30.00,3.00,18.53,,
1.38,3.23,395.00,51.83,16.09,20.97,0.46,8.00,2.48,0.00,2.00,30.00,7.00,24.49,,
1.38,3.23,395.00,51.83,16.09,20.97,0.46,8.00,2.48,0.00,2.00,30.00,28.00,28.36,,
2.21,2.15,404.00,45.32,21.31,19.69,0.40,14.00,2.50,13.96,0.00,20.00,1.00,33.52,,
2.21,2.15,404.00,45.32,21.31,19.69,0.40,14.00,2.50,13.96,0.00,20.00,3.00,43.18,,
2.21,2.15,404.00,45.32,21.31,19.69,0.40,14.00,2.50,13.96,0.00,20.00,7.00,45.39,,
2.21,2.15,404.00,45.32,21.31,19.69,0.40,14.00,2.50,13.96,0.00,20.00,14.00,50.05,,
2.21,2.15,404.00,45.32,21.31,19.69,0.40,14.00,2.50,13.96,0.00,20.00,28.00,57.58,,
2.14,3.03,360.00,51.34,6.26,25.71,0.45,8.00,1.50,0.00,0.00,25.00,7.00,28.90,,
2.14,3.03,360.00,48.96,10.61,24.21,0.45,8.00,1.50,0.00,0.00,25.00,7.00,32.53,,
2.14,3.03,360.00,46.59,14.97,22.72,0.45,8.00,1.50,0.00,0.00,25.00,7.00,34.50,,
2.14,3.03,360.00,51.34,6.26,25.71,0.45,8.00,1.50,0.00,0.00,25.00,28.00,36.80,,
2.14,3.03,360.00,48.96,10.61,24.21,0.45,8.00,1.50,0.00,0.00,25.00,28.00,38.80,,
2.14,3.03,360.00,46.59,14.97,22.72,0.45,8.00,1.50,0.00,0.00,25.00,28.00,43.10,,
2.14,3.03,360.00,51.34,6.26,25.71,0.45,8.00,2.50,0.00,0.00,25.00,7.00,27.93,,
2.14,3.03,360.00,48.96,10.61,24.21,0.45,8.00,2.50,0.00,0.00,25.00,7.00,30.87,,
2.14,3.03,360.00,46.59,14.97,22.72,0.45,8.00,2.50,0.00,0.00,25.00,7.00,33.83,,
2.14,3.03,360.00,51.34,6.26,25.71,0.45,8.00,2.50,0.00,0.00,25.00,28.00,34.83,,
2.14,3.03,360.00,48.96,10.61,24.21,0.45,8.00,2.50,0.00,0.00,25.00,28.00,35.80,,
2.14,3.03,360.00,46.59,14.97,22.72,0.45,8.00,2.50,0.00,0.00,25.00,28.00,41.10,,
1.35,2.70,444.00,69.87,1.20,19.39,0.35,8.00,0.50,5.86,0.00,25.00,3.00,4.09,,
1.35,2.70,444.00,69.87,1.20,19.39,0.35,8.00,1.00,5.86,0.00,25.00,3.00,10.70,,
1.35,2.70,444.00,69.87,1.20,19.39,0.35,8.00,1.50,5.86,0.00,25.00,3.00,15.11,,
1.35,2.70,444.00,69.87,1.20,19.39,0.35,8.00,2.00,5.86,0.00,25.00,3.00,20.72,,
1.35,2.70,444.00,69.87,1.20,19.39,0.35,8.00,2.50,5.86,0.00,25.00,3.00,23.68,,
1.35,2.70,444.00,69.87,1.20,19.39,0.35,8.00,0.50,5.86,0.00,25.00,7.00,8.25,,
1.35,2.70,444.00,69.87,1.20,19.39,0.35,8.00,1.00,5.86,0.00,25.00,7.00,18.45,,
1.35,2.70,444.00,69.87,1.20,19.39,0.35,8.00,1.50,5.86,0.00,25.00,7.00,27.08,,
1.35,2.70,444.00,69.87,1.20,19.39,0.35,8.00,2.00,5.86,0.00,25.00,7.00,28.22,,
1.35,2.70,444.00,69.87,1.20,19.39,0.35,8.00,2.50,5.86,0.00,25.00,7.00,28.22,,
1.35,2.70,444.00,69.87,1.20,19.39,0.35,8.00,0.50,5.86,0.00,25.00,14.00,18.90,,
1.35,2.70,444.00,69.87,1.20,19.39,0.35,8.00,1.00,5.86,0.00,25.00,14.00,25.26,,
1.35,2.70,444.00,69.87,1.20,19.39,0.35,8.00,1.50,5.86,0.00,25.00,14.00,27.39,,
1.35,2.70,444.00,69.87,1.20,19.39,0.35,8.00,2.00,5.86,0.00,25.00,14.00,28.28,,
1.35,2.70,444.00,69.87,1.20,19.39,0.35,8.00,2.50,5.86,0.00,25.00,14.00,28.28,,
1.35,2.70,444.00,69.87,1.20,19.39,0.35,8.00,0.50,5.86,0.00,25.00,21.00,28.40,,
1.35,2.70,444.00,69.87,1.20,19.39,0.35,8.00,1.00,5.86,0.00,25.00,21.00,28.40,,
1.35,2.70,444.00,69.87,1.20,19.39,0.35,8.00,1.50,5.86,0.00,25.00,21.00,28.40,,
1.35,2.70,444.00,69.87,1.20,19.39,0.35,8.00,2.00,5.86,0.00,25.00,21.00,28.40,,
1.35,2.70,444.00,69.87,1.20,19.39,0.35,8.00,2.50,5.86,0.00,25.00,21.00,28.40,,
1.35,2.70,444.00,69.87,1.20,19.39,0.35,8.00,0.50,5.86,0.00,25.00,28.00,30.36,,
1.35,2.70,444.00,69.87,1.20,19.39,0.35,8.00,1.00,5.86,0.00,25.00,28.00,30.42,,
1.35,2.70,444.00,69.87,1.20,19.39,0.35,8.00,1.50,5.86,0.00,25.00,28.00,38.16,,
1.35,2.70,444.00,69.87,1.20,19.39,0.35,8.00,2.00,5.86,0.00,25.00,28.00,39.36,,
1.35,2.70,444.00,69.87,1.20,19.39,0.35,8.00,2.50,5.86,0.00,25.00,28.00,42.52,,
1.35,2.70,444.00,69.87,1.20,19.39,0.35,10.00,0.50,5.86,0.00,25.00,3.00,1.75,,
1.35,2.70,444.00,69.87,1.20,19.39,0.35,10.00,1.00,5.86,0.00,25.00,3.00,5.02,,
1.35,2.70,444.00,69.87,1.20,19.39,0.35,10.00,1.50,5.86,0.00,25.00,3.00,18.63,,
1.35,2.70,444.00,69.87,1.20,19.39,0.35,10.00,2.00,5.86,0.00,25.00,3.00,27.08,,
1.35,2.70,444.00,69.87,1.20,19.39,0.35,10.00,2.50,5.86,0.00,25.00,3.00,23.20,,
1.35,2.70,444.00,69.87,1.20,19.39,0.35,10.00,0.50,5.86,0.00,25.00,7.00,4.10,,
1.35,2.70,444.00,69.87,1.20,19.39,0.35,10.00,1.00,5.86,0.00,25.00,7.00,6.16,,
1.35,2.70,444.00,69.87,1.20,19.39,0.35,10.00,1.50,5.86,0.00,25.00,7.00,18.87,,
1.35,2.70,444.00,69.87,1.20,19.39,0.35,10.00,2.00,5.86,0.00,25.00,7.00,28.30,,
1.35,2.70,444.00,69.87,1.20,19.39,0.35,10.00,2.50,5.86,0.00,25.00,7.00,28.30,,
1.35,2.70,444.00,69.87,1.20,19.39,0.35,10.00,0.50,5.86,0.00,25.00,14.00,4.87,,
1.35,2.70,444.00,69.87,1.20,19.39,0.35,10.00,1.00,5.86,0.00,25.00,14.00,7.91,,
1.35,2.70,444.00,69.87,1.20,19.39,0.35,10.00,1.50,5.86,0.00,25.00,14.00,28.15,,
1.35,2.70,444.00,69.87,1.20,19.39,0.35,10.00,2.00,5.86,0.00,25.00,14.00,28.30,,
1.35,2.70,444.00,69.87,1.20,19.39,0.35,10.00,2.50,5.86,0.00,25.00,14.00,28.30,,
1.35,2.70,444.00,69.87,1.20,19.39,0.35,10.00,0.50,5.86,0.00,25.00,21.00,6.39,,
1.35,2.70,444.00,69.87,1.20,19.39,0.35,10.00,1.00,5.86,0.00,25.00,21.00,15.14,,
1.35,2.70,444.00,69.87,1.20,19.39,0.35,10.00,1.50,5.86,0.00,25.00,21.00,31.42,,
1.35,2.70,444.00,69.87,1.20,19.39,0.35,10.00,2.00,5.86,0.00,25.00,21.00,31.72,,
1.35,2.70,444.00,69.87,1.20,19.39,0.35,10.00,2.50,5.86,0.00,25.00,21.00,42.22,,
1.35,2.70,444.00,69.87,1.20,19.39,0.35,10.00,0.50,5.86,0.00,25.00,28.00,7.38,,
1.35,2.70,444.00,69.87,1.20,19.39,0.35,10.00,1.00,5.86,0.00,25.00,28.00,16.36,,
1.35,2.70,444.00,69.87,1.20,19.39,0.35,10.00,1.50,5.86,0.00,25.00,28.00,32.93,,
1.35,2.70,444.00,69.87,1.20,19.39,0.35,10.00,2.00,5.86,0.00,25.00,28.00,42.90,,
1.35,2.70,444.00,69.87,1.20,19.39,0.35,10.00,2.50,5.86,0.00,25.00,28.00,43.78,,
1.44,2.68,410.00,51.51,7.53,20.47,0.50,12.00,2.50,12.20,0.00,25.00,28.00,9.21,,
1.44,2.68,410.00,49.62,11.46,19.33,0.50,12.00,2.50,12.20,0.00,25.00,28.00,16.27,,
1.44,2.68,410.00,47.72,15.38,18.20,0.50,12.00,2.50,12.20,0.00,25.00,28.00,25.90,,
1.44,2.68,410.00,45.83,19.31,17.06,0.50,12.00,2.50,12.20,0.00,25.00,28.00,33.43,,
1.44,2.68,410.00,43.94,23.23,15.93,0.50,12.00,2.50,12.20,0.00,25.00,28.00,37.16,,
1.41,3.28,394.28,57.41,2.81,14.72,0.40,10.00,2.50,16.00,2.40,25.00,7.00,13.21,,
1.41,3.28,394.28,60.30,2.92,13.66,0.40,10.00,2.50,14.00,2.10,25.00,7.00,7.91,,
1.41,3.28,394.29,63.19,3.03,12.61,0.40,10.00,2.50,12.00,1.80,25.00,7.00,2.88,,
1.41,3.28,394.28,55.93,5.34,15.26,0.40,10.00,2.50,14.00,2.10,25.00,7.00,15.07,,
1.41,3.28,394.29,58.82,5.44,14.20,0.40,10.00,2.50,12.00,1.80,25.00,7.00,5.77,,
1.41,3.28,394.28,61.71,5.55,13.15,0.40,10.00,2.50,10.00,1.50,25.00,7.00,4.37,,
1.41,3.28,394.28,54.46,7.86,15.80,0.40,10.00,2.50,12.00,1.80,25.00,7.00,14.69,,
1.41,3.28,394.28,57.35,7.97,14.74,0.40,10.00,2.50,10.00,1.50,25.00,7.00,10.14,,
1.41,3.28,394.27,60.23,8.08,13.69,0.40,10.00,2.50,8.00,1.20,25.00,7.00,6.63,,
1.41,3.28,394.28,54.51,2.70,15.77,0.40,10.00,2.50,18.00,2.70,25.00,28.00,32.46,,
1.41,3.28,394.28,80.52,3.68,6.28,0.40,10.00,2.50,0.00,0.00,25.00,28.00,1.30,,
1.41,3.28,394.28,57.41,2.81,14.72,0.40,10.00,2.50,16.00,2.40,25.00,28.00,21.11,,
1.41,3.28,394.28,60.30,2.92,13.66,0.40,10.00,2.50,14.00,2.10,25.00,28.00,13.11,,
1.41,3.28,394.29,63.19,3.03,12.61,0.40,10.00,2.50,12.00,1.80,25.00,28.00,6.20,,
1.41,3.28,394.28,66.07,3.13,11.55,0.40,10.00,2.50,10.00,1.50,25.00,28.00,3.29,,
1.41,3.28,394.28,68.96,3.24,10.50,0.40,10.00,2.50,8.00,1.20,25.00,28.00,1.96,,
1.41,3.28,394.28,55.93,5.34,15.26,0.40,10.00,2.50,14.00,2.10,25.00,28.00,23.13,,
1.41,3.28,394.29,58.82,5.44,14.20,0.40,10.00,2.50,12.00,1.80,25.00,28.00,14.14,,
1.41,3.28,394.28,61.71,5.55,13.15,0.40,10.00,2.50,10.00,1.50,25.00,28.00,9.11,,
1.41,3.28,394.28,64.60,5.66,12.09,0.40,10.00,2.50,8.00,1.20,25.00,28.00,5.21,,
1.41,3.28,394.28,67.49,5.77,11.04,0.40,10.00,2.50,6.00,0.90,25.00,28.00,3.07,,
1.41,3.28,394.28,54.46,7.86,15.80,0.40,10.00,2.50,12.00,1.80,25.00,28.00,32.24,,
1.41,3.28,394.28,57.35,7.97,14.74,0.40,10.00,2.50,10.00,1.50,25.00,28.00,20.90,,
1.41,3.28,394.27,60.23,8.08,13.69,0.40,10.00,2.50,8.00,1.20,25.00,28.00,13.14,,
1.60,3.00,400.00,52.52,8.68,30.16,0.40,10.00,2.02,0.00,6.00,25.00,56.00,23.00,,
1.61,3.02,400.00,50.48,12.71,28.38,0.40,10.00,2.02,0.00,6.00,25.00,56.00,43.00,,
1.62,3.03,400.00,48.45,16.74,26.61,0.40,10.00,2.02,0.00,6.00,25.00,56.00,58.00,,
1.63,3.05,400.00,44.38,24.80,23.07,0.40,10.00,2.02,0.00,6.00,25.00,56.00,64.00,,
1.61,3.02,400.00,50.48,12.71,28.38,0.40,12.00,2.02,0.00,6.00,25.00,56.00,52.00,,
1.62,3.03,400.00,48.45,16.74,26.61,0.40,12.00,2.02,0.00,6.00,25.00,56.00,67.00,,
1.61,3.02,400.00,50.48,12.71,28.38,0.40,14.00,2.02,0.00,6.00,25.00,56.00,58.00,,
1.62,3.04,400.00,48.45,16.74,26.61,0.40,14.00,2.02,0.00,6.00,25.00,56.00,66.00,,
1.61,3.01,400.00,52.52,8.68,30.16,0.35,10.00,2.00,0.00,6.00,25.00,56.00,28.00,,
1.62,3.03,400.00,50.48,12.71,28.38,0.35,10.00,2.00,0.00,6.00,25.00,56.00,49.00,,
1.62,3.04,400.00,48.45,16.74,26.61,0.35,10.00,2.00,0.00,6.00,25.00,56.00,64.00,,
1.64,3.06,400.00,44.38,24.80,23.07,0.35,10.00,2.00,0.00,6.00,25.00,56.00,74.00,,
1.61,3.02,400.00,50.48,12.71,28.38,0.40,10.00,2.48,0.00,6.00,25.00,56.00,49.00,,
1.62,3.04,400.00,48.45,16.74,26.61,0.40,10.00,2.48,0.00,6.00,25.00,56.00,68.00,,
1.61,3.02,400.00,50.48,12.71,28.38,0.40,10.00,3.00,0.00,6.00,25.00,56.00,41.00,,
1.63,3.05,400.00,48.45,16.74,26.61,0.40,10.00,3.00,0.00,6.00,25.00,56.00,54.00,,
1.61,3.02,400.00,52.52,8.68,30.16,0.35,10.00,2.00,3.00,6.00,25.00,56.00,19.00,,
1.62,3.03,400.00,50.48,12.71,28.38,0.35,10.00,2.00,0.00,6.00,25.00,56.00,39.00,,
1.62,3.04,400.00,48.45,16.74,26.61,0.35,10.00,2.00,0.00,6.00,25.00,56.00,56.00,,
1.64,3.06,400.00,44.38,24.80,23.07,0.35,10.00,2.00,0.00,6.00,25.00,56.00,67.00,,
1.60,3.00,400.00,52.52,8.68,30.16,0.40,10.00,2.02,0.00,6.00,25.00,90.00,25.00,,
1.61,3.02,400.00,50.48,12.71,28.38,0.40,10.00,2.02,0.00,6.00,25.00,90.00,45.00,,
1.62,3.03,400.00,48.45,16.74,26.61,0.40,10.00,2.02,0.00,6.00,25.00,90.00,62.00,,
1.63,3.05,400.00,44.38,24.80,23.07,0.40,10.00,2.02,0.00,6.00,25.00,90.00,69.00,,
1.61,3.02,400.00,50.48,12.71,28.38,0.40,12.00,2.02,0.00,6.00,25.00,90.00,54.00,,
1.62,3.03,400.00,48.45,16.74,26.61,0.40,12.00,2.02,0.00,6.00,25.00,90.00,69.00,,
1.61,3.02,400.00,50.48,12.71,28.38,0.40,14.00,2.02,0.00,6.00,25.00,90.00,59.00,,
1.62,3.04,400.00,48.45,16.74,26.61,0.40,14.00,2.02,0.00,6.00,25.00,90.00,69.00,,
1.61,3.01,400.00,52.52,8.68,30.16,0.35,10.00,2.00,0.00,6.00,25.00,90.00,29.00,,
1.62,3.03,400.00,50.48,12.71,28.38,0.35,10.00,2.00,0.00,6.00,25.00,90.00,50.00,,
1.62,3.04,400.00,48.45,16.74,26.61,0.35,10.00,2.00,0.00,6.00,25.00,90.00,67.00,,
1.64,3.06,400.00,44.38,24.80,23.07,0.35,10.00,2.00,0.00,6.00,25.00,90.00,76.00,,
1.61,3.02,400.00,50.48,12.71,28.38,0.40,10.00,2.48,0.00,6.00,25.00,90.00,50.00,,
1.62,3.04,400.00,48.45,16.74,26.61,0.40,10.00,2.48,0.00,6.00,25.00,90.00,70.00,,
1.61,3.02,400.00,50.48,12.71,28.38,0.40,10.00,3.00,0.00,6.00,25.00,90.00,42.00,,
1.63,3.05,400.00,48.45,16.74,26.61,0.40,10.00,3.00,0.00,6.00,25.00,90.00,55.00,,
1.61,3.02,400.00,52.52,8.68,30.16,0.35,10.00,2.00,3.00,6.00,25.00,90.00,20.00,,
1.62,3.03,400.00,50.48,12.71,28.38,0.35,10.00,2.00,0.00,6.00,25.00,90.00,41.00,,
1.62,3.04,400.00,48.45,16.74,26.61,0.35,10.00,2.00,0.00,6.00,25.00,90.00,59.00,,
1.64,3.06,400.00,44.38,24.80,23.07,0.35,10.00,2.00,0.00,6.00,25.00,90.00,69.00,,
2.51,1.67,400.00,38.29,34.78,9.28,0.50,12.00,2.51,22.00,0.00,22.50,7.00,41.69,,
2.76,1.67,400.00,39.36,33.54,9.55,0.50,12.00,2.51,22.00,0.00,22.50,7.00,40.47,,
2.75,1.67,400.00,40.42,32.29,9.81,0.50,12.00,2.51,22.00,0.00,22.50,7.00,34.83,,
2.51,1.67,400.00,38.29,34.78,9.28,0.50,12.00,2.51,22.00,0.00,22.50,28.00,53.39,,
2.76,1.67,400.00,39.36,33.54,9.55,0.50,12.00,2.51,22.00,0.00,22.50,28.00,45.87,,
2.75,1.67,400.00,40.42,32.29,9.81,0.50,12.00,2.51,22.00,0.00,22.50,28.00,45.45,,
1.63,3.02,400.00,51.34,6.26,25.71,0.40,14.00,2.50,0.00,0.00,20.00,90.00,46.06,,
1.63,3.02,400.00,48.96,10.61,24.21,0.40,14.00,2.50,0.00,0.00,20.00,90.00,52.92,,
1.63,3.02,400.00,51.34,6.26,25.71,0.40,14.00,1.50,0.00,0.00,20.00,90.00,50.96,,
1.63,3.02,400.00,48.96,10.61,24.21,0.40,14.00,1.50,0.00,0.00,20.00,90.00,66.64,,
1.65,3.06,400.00,53.71,1.90,27.20,0.35,14.00,2.50,0.00,1.50,20.00,90.00,36.30,,
1.64,3.04,400.00,51.34,6.26,25.71,0.35,14.00,2.50,2.00,1.50,20.00,90.00,41.80,,
1.64,3.04,400.00,48.96,10.61,24.21,0.35,14.00,2.50,2.00,1.50,20.00,90.00,42.14,,
1.65,3.06,400.00,53.71,1.90,27.20,0.35,14.00,1.50,0.00,1.50,20.00,90.00,37.40,,
1.64,3.04,400.00,51.34,6.26,25.71,0.35,14.00,1.50,2.00,1.50,20.00,90.00,45.10,,
1.64,3.04,400.00,48.96,10.61,24.21,0.35,14.00,1.50,2.00,1.50,20.00,90.00,52.92,,
,,,,,,,,,,,,,,,
,,,,,,,,,,,,,,,
